/****************************************************************************
** Resource object code
**
** Created by: The Resource Compiler for Qt version 6.9.1
**
** WARNING! All changes made in this file will be lost!
*****************************************************************************/

#ifdef _MSC_VER
// disable informational message "function ... selected for automatic inline expansion"
#pragma warning (disable: 4711)
#endif

static const unsigned char qt_resource_data[] = {
  // Main.qml
  0x0,0x0,0x9,0x85,
  0x0,
  0x0,0x27,0x52,0x78,0xda,0xdd,0x5a,0x4b,0x73,0xe3,0xb8,0x11,0xbe,0xfb,0x57,0x20,
  0x9c,0xaa,0x89,0x5c,0x63,0x6b,0x24,0xbf,0xc6,0x91,0xe3,0x54,0xc9,0x34,0xbd,0xab,
  0x8d,0x1f,0x1a,0x51,0x9e,0x49,0x2a,0xb5,0x7,0x5a,0x84,0x65,0x8c,0x29,0x82,0xb,
  0x80,0xd6,0x78,0xb6,0x5c,0x95,0x63,0xe6,0x94,0xfb,0x9e,0xb6,0x72,0x8a,0xff,0x41,
  0xee,0xfe,0x27,0xfb,0x7,0xf2,0x17,0xd2,0x0,0x48,0x8a,0xf,0x50,0x8f,0x19,0xd7,
  0x56,0x12,0x1e,0x3c,0x22,0xd0,0xdd,0xe8,0x17,0xbe,0x6e,0x80,0x43,0x26,0x11,0x65,
  0x2,0xbd,0x15,0x6f,0x63,0x32,0xba,0x45,0x5b,0xcd,0xf6,0xee,0x1a,0x29,0x8c,0x35,
  0x4f,0xbd,0x7b,0x1a,0xb,0x8e,0xda,0x86,0x39,0x9b,0x86,0x82,0xd1,0x80,0x17,0x18,
  0xad,0xf,0xfc,0xf5,0x99,0x47,0xc2,0xe6,0x7,0x6e,0x21,0x8f,0x23,0xf9,0xfb,0x3b,
  0x77,0x6d,0xad,0x1b,0x45,0x1,0x19,0x79,0x82,0xd0,0xf0,0x3d,0x9,0x7d,0x3a,0x45,
  0x3f,0xae,0x21,0x78,0x88,0xdf,0x41,0x53,0x35,0xb0,0xa6,0xde,0xa7,0xc4,0x17,0x37,
  0x1d,0xb4,0xbd,0xd7,0x52,0xaf,0x37,0x98,0x8c,0x6f,0x44,0x7,0xbd,0xd9,0xd2,0xef,
  0x77,0x84,0x93,0xab,0x0,0x77,0x90,0x60,0x31,0x56,0x23,0x82,0x8,0xf9,0x6e,0x7d,
  0x83,0xb9,0x14,0x1e,0x7a,0x84,0x61,0xe4,0x63,0x34,0xba,0xf1,0xd8,0x18,0x5b,0x8a,
  0x66,0x44,0x3,0xca,0x80,0xe6,0x85,0x7d,0x72,0xbc,0x7f,0x6c,0xeb,0xc1,0x6b,0x50,
  0xbf,0x79,0xed,0x4d,0x48,0x70,0xf,0x53,0x2e,0x1e,0x53,0x8c,0x2e,0x7b,0x96,0x56,
  0xe3,0xf5,0x6b,0xb4,0xb9,0xb9,0x89,0xfa,0x83,0x8b,0xfe,0xa0,0xf7,0xf4,0x79,0xf8,
  0xf4,0xd9,0x45,0xdf,0x9c,0x5e,0x1c,0x75,0x4f,0x1d,0x57,0xce,0x28,0xa2,0x88,0xd1,
  0x8,0x33,0x71,0x8f,0xb8,0x60,0x24,0x1c,0x23,0x6f,0x24,0xc8,0x1d,0x76,0x85,0xb2,
  0x12,0x64,0x5a,0x46,0x2a,0x8e,0x3,0x3c,0x12,0xd8,0x7f,0x87,0x6f,0xc8,0x48,0xa9,
  0x5e,0xa2,0xbb,0xa2,0x34,0x40,0x84,0x1f,0x51,0x7a,0xb,0xf4,0x27,0x1,0x9d,0x76,
  0xd0,0xb5,0x17,0x70,0x6c,0x20,0xf3,0x84,0xc0,0xa1,0xc0,0xe7,0x34,0xbe,0xc3,0x41,
  0x80,0x4f,0x9,0x17,0x58,0x9,0x8e,0x3,0xcc,0x17,0xb2,0x75,0x3f,0x40,0x70,0xbb,
  0x11,0xc3,0xdc,0x8d,0xa3,0x88,0x19,0xe9,0x49,0x28,0x32,0x95,0xcf,0x48,0x80,0xbd,
  0x31,0xa8,0xdc,0xca,0xbc,0xe4,0xde,0x87,0xa3,0x1b,0x46,0x43,0xc2,0x95,0xd5,0x20,
  0x9e,0x85,0xf8,0xf5,0xdd,0xd3,0xa3,0xd6,0x1,0x79,0x77,0x78,0x4,0xfe,0x9f,0x4c,
  0x1c,0x1e,0x29,0x1e,0x1a,0x76,0xf3,0x6e,0xb2,0x6f,0xbc,0x70,0x8c,0x21,0x9,0x12,
  0x9a,0xa6,0x76,0xe2,0x91,0x14,0x83,0xe,0x8b,0x2e,0x4d,0xf8,0xdd,0xa2,0x3,0x6b,
  0x24,0xa4,0x5e,0x0,0x21,0x25,0x8f,0xaf,0x19,0xc3,0x72,0xa5,0xdd,0x7d,0xec,0xdd,
  0xf3,0xda,0xd0,0x25,0x34,0xa0,0xe,0x13,0x8b,0x88,0x9c,0xd0,0x57,0x24,0x45,0x1a,
  0x9f,0xc6,0x90,0xbe,0x28,0xe6,0x98,0xd9,0x94,0x8b,0x3e,0x66,0x7f,0x9c,0x42,0xba,
  0xb7,0x9a,0xed,0xbd,0xaa,0xdb,0x25,0xd5,0x99,0xf7,0xb1,0x4f,0xa7,0x18,0x62,0xd3,
  0xde,0x5a,0x33,0x45,0x86,0x73,0xf0,0xcc,0x71,0xcc,0x94,0x87,0x5c,0x3c,0xa2,0xa1,
  0xcf,0x65,0x80,0x4c,0xcb,0x26,0xd4,0x4e,0x88,0xd9,0xf8,0x3e,0x59,0x78,0x2e,0xa5,
  0xd4,0xd1,0x89,0x19,0xd5,0x84,0xf9,0x9d,0xe1,0xe,0xbb,0xc3,0xcb,0xa1,0x8b,0x8e,
  0x1d,0x64,0x5f,0x9c,0x9f,0x3b,0x7f,0xea,0x5d,0x9c,0xd7,0x6e,0xc,0xcc,0x23,0x19,
  0xc2,0x58,0x7a,0xf6,0xf8,0xe9,0x11,0x74,0xc,0x21,0x20,0x4f,0x8f,0x66,0x7,0x32,
  0x8f,0x47,0xa4,0x86,0x3e,0xaf,0x82,0x7d,0x71,0xd6,0x1f,0x3a,0x97,0x3,0xe4,0x3a,
  0xae,0xb,0xcb,0xbb,0xa8,0x6b,0xf,0x7b,0xef,0x4c,0x1b,0x54,0xba,0x2a,0x49,0xa5,
  0xd4,0xb0,0x38,0x84,0x10,0x6a,0x74,0x6a,0x42,0xe6,0x44,0x2,0xb3,0x64,0x8e,0xeb,
  0x4,0xe5,0x8d,0x75,0xbd,0xdc,0x75,0x1c,0x8e,0x54,0x6e,0x8f,0xb1,0x48,0x73,0x2f,
  0xc9,0x48,0xad,0x65,0x63,0x3d,0x1,0x33,0xf9,0x30,0x2c,0x62,0x16,0xa6,0x92,0xeb,
  0x59,0xe,0x14,0xc7,0x43,0xc1,0xa2,0xb3,0x8b,0xe3,0xa7,0xbf,0x49,0x84,0x1,0xaf,
  0x1e,0x83,0x57,0x9f,0x3e,0xe7,0x8c,0x91,0x7b,0xfb,0x8c,0xfa,0x38,0x40,0x3f,0x2a,
  0xd4,0xc,0xa9,0x20,0xd7,0x9,0xa4,0xea,0xf1,0x7,0x23,0x5d,0x12,0x4a,0x3e,0x8f,
  0xe6,0x4e,0xef,0x8c,0xb9,0x34,0x5c,0xeb,0xaf,0x69,0x5c,0x1a,0xb3,0x11,0xae,0xa8,
  0xaf,0xc2,0x1,0xca,0xbb,0xbd,0xb3,0xcb,0xd3,0xee,0x30,0x9f,0x13,0x43,0x32,0xc1,
  0x2c,0xe7,0x27,0x29,0x72,0x1c,0xd0,0x2b,0x2f,0xb0,0x25,0x52,0x43,0xe0,0x15,0xc5,
  0x6c,0x1e,0xf0,0x89,0xdd,0x79,0x1,0x24,0x7e,0xab,0xd5,0xca,0xb9,0x37,0xc2,0x9e,
  0xc8,0xe1,0xbf,0x1a,0x8c,0xc3,0x10,0x4,0x74,0x50,0x43,0x97,0x92,0x66,0x1,0x36,
  0xd0,0x6f,0xe,0xf,0x61,0x27,0xae,0xa3,0x97,0x2f,0x33,0x82,0x39,0xa1,0x3c,0x94,
  0xd4,0x4e,0x88,0x6c,0x5d,0x40,0x92,0x24,0xd0,0xd0,0x33,0x64,0x64,0x3c,0xc6,0x4c,
  0xa2,0xcd,0xcc,0x12,0x5d,0xb6,0x94,0x58,0xf3,0x76,0x44,0xaf,0xe,0x51,0xfb,0x60,
  0xe,0x7d,0xb6,0x21,0x25,0x65,0x9a,0x93,0x5e,0x20,0xe1,0x8b,0xa9,0x39,0xa2,0xa1,
  0x1a,0xe3,0x34,0x6f,0xcc,0x72,0xd2,0xed,0x8a,0x2a,0x52,0x20,0xdf,0x45,0x9e,0xf7,
  0xc1,0x90,0x7d,0xee,0x70,0x70,0x69,0xf,0x2f,0x7,0xe,0x7a,0xd7,0x73,0x2f,0x9d,
  0xd3,0x53,0x27,0xb,0xde,0x0,0x3c,0x5,0x28,0xb,0xc0,0x50,0xc,0xa0,0x17,0x45,
  0x27,0xcc,0x9b,0xcc,0x22,0xe1,0x41,0x35,0xa0,0x8c,0x37,0xaf,0x49,0x0,0x91,0x8b,
  0x3c,0x6,0x65,0xa6,0x32,0x39,0x51,0xf1,0x86,0xcd,0xbd,0x3d,0x8b,0xa0,0xe7,0x13,
  0xb9,0xdd,0xb7,0xf6,0xb3,0xa1,0xac,0x68,0x9f,0xec,0x9e,0xbc,0x39,0xe9,0x5a,0xd9,
  0x4,0x94,0x18,0x1f,0xb3,0x66,0x36,0x7f,0xd4,0x3a,0x72,0xec,0xdd,0xca,0x7c,0xda,
  0x49,0xcc,0x4,0x6,0x24,0x4a,0x12,0x27,0x1b,0x83,0xa8,0x8f,0x6e,0xdf,0x11,0x3c,
  0x2d,0xc5,0x33,0x49,0x78,0x3d,0x57,0x98,0x99,0x6b,0x61,0x9e,0x40,0xd0,0xe8,0x4c,
  0x19,0xa,0x19,0xbc,0x63,0xa4,0xb8,0xa2,0x42,0xd0,0x49,0x4a,0xb4,0xbd,0x67,0x24,
  0xa,0xf0,0xb5,0xc8,0xe4,0xb4,0x8c,0x24,0x4c,0xf6,0x48,0x39,0x9a,0xa2,0x25,0x21,
  0x11,0xc4,0xb,0x7a,0x2,0x4f,0xc0,0x59,0xd0,0x54,0x88,0x3e,0x94,0xf0,0xe6,0xf,
  0x93,0xc0,0xca,0x65,0x43,0xf6,0x33,0xc9,0x85,0xa3,0xee,0x0,0xf2,0x40,0xee,0x64,
  0x85,0xf3,0xc8,0x39,0x87,0xa1,0x19,0x16,0xd5,0xe5,0x44,0xd5,0xba,0xd4,0x45,0xc9,
  0x6b,0xad,0x89,0x19,0x9d,0x7c,0xa9,0xb7,0x32,0x23,0x53,0x6f,0x5,0xba,0xb4,0x55,
  0xdc,0xde,0x2a,0xc,0x67,0x69,0xe2,0xd8,0xce,0xc9,0x49,0xdb,0x2a,0x4c,0xa6,0x69,
  0x57,0xf2,0xd9,0x80,0x4e,0x75,0xe3,0x5b,0x32,0x6d,0xa9,0xf8,0xd7,0x6,0x6f,0xaf,
  0x96,0xac,0x18,0xc0,0x2a,0x1d,0x8f,0xbc,0x91,0xc2,0x37,0x98,0xab,0x4c,0xce,0x53,
  0xb6,0xc0,0xbc,0x6b,0x9c,0xae,0xb,0x63,0x11,0x65,0xd4,0x56,0xda,0x3f,0xc8,0x9c,
  0xc,0x3f,0x53,0xdf,0xed,0xd4,0xb2,0x25,0xae,0xaf,0x97,0xab,0xf2,0xf3,0x3a,0x3,
  0xe5,0xac,0x4d,0xd0,0x18,0x6c,0x67,0x65,0x1f,0xea,0x6b,0x5a,0x57,0xad,0x17,0x3b,
  0xdb,0xdd,0xd6,0xce,0x1b,0xeb,0x20,0xc1,0xb0,0xba,0x27,0xa3,0x77,0x76,0xb7,0x7f,
  0xb7,0xbd,0x6b,0x1d,0xd4,0x52,0x9b,0xe5,0x98,0x47,0x87,0xf8,0xa3,0x98,0x63,0x90,
  0x80,0x69,0xc8,0x35,0xc7,0xed,0x6f,0x6f,0xa1,0x5f,0xfe,0xfa,0xf,0x64,0xa1,0x57,
  0xa8,0x6c,0x5d,0x2d,0xb7,0x3a,0x91,0x44,0xe4,0x23,0x94,0x57,0xf2,0x9,0xba,0xec,
  0x76,0x7b,0x91,0x6b,0xad,0x17,0xbb,0x3b,0x7b,0xce,0x9b,0xae,0xb5,0xa4,0x9,0xf,
  0x86,0xf4,0x99,0xc5,0x3f,0x8d,0x73,0x7b,0x16,0xe7,0xf6,0xde,0x1,0x2a,0x3,0xad,
  0x51,0xca,0xff,0x4d,0x12,0xe6,0xba,0xcf,0xff,0xf5,0x34,0x1c,0x48,0x53,0xca,0x69,
  0x98,0xb3,0xef,0xbf,0x2b,0x11,0x65,0x85,0x2,0x7,0xeb,0x34,0x52,0xf0,0xfa,0x5e,
  0x47,0x5c,0x56,0xec,0x92,0x88,0x87,0x39,0xa5,0xab,0x7f,0xd1,0xbf,0xec,0x23,0x38,
  0xa8,0xf,0x86,0x4e,0xa1,0x60,0x25,0x81,0x94,0x3d,0x6c,0xc9,0x77,0x42,0x76,0x7a,
  0xa2,0x53,0x38,0xa7,0x66,0xbe,0x48,0xbb,0x7f,0x38,0xb8,0x42,0x23,0x25,0x30,0xe4,
  0x6a,0x8c,0x1b,0xe2,0x3e,0xc2,0x1b,0x68,0x2,0x7d,0x17,0x54,0xd3,0x75,0x53,0x9d,
  0x90,0xc4,0x7d,0x1a,0xc5,0x51,0x33,0xb9,0xb4,0x80,0xae,0x4c,0x9a,0x72,0xb0,0xd8,
  0x92,0xba,0xed,0xa0,0x5a,0xae,0x4c,0x6e,0x61,0x2a,0xbb,0x18,0x99,0x1d,0xe1,0x97,
  0xae,0x58,0x59,0xc,0xbb,0xdd,0x96,0x7a,0x8a,0x51,0xfc,0xa4,0x5a,0xf0,0x52,0x85,
  0x9c,0xb3,0x61,0xd3,0xf5,0x46,0xf2,0x8a,0x81,0xf5,0xc2,0xda,0x2a,0x99,0xec,0xe8,
  0xa4,0xa2,0xab,0x37,0xb4,0x89,0x76,0x5a,0x15,0xc2,0xac,0x3b,0xac,0x4e,0xa5,0xba,
  0x4f,0x6f,0x88,0xc0,0xd5,0xec,0x4b,0xa1,0x42,0x79,0xcd,0xa6,0x41,0x93,0x4c,0xe4,
  0x3d,0x14,0x11,0xdf,0xaa,0x9,0xd8,0x16,0x3b,0xad,0x6a,0x2a,0x2,0x61,0x3c,0x9,
  0xe7,0x2,0x5a,0x16,0xa,0xa0,0x35,0x12,0x2c,0xed,0x85,0x95,0x3c,0xb1,0xb0,0x1b,
  0x58,0x11,0x4d,0xf7,0x76,0x66,0x70,0x2a,0x7f,0xa7,0x9e,0x2e,0x35,0x51,0xc6,0x6c,
  0x39,0x39,0x71,0x8e,0x1c,0xc7,0xaa,0x25,0x4c,0x76,0xb2,0x17,0x90,0x71,0x38,0xc1,
  0xf2,0xb8,0xfd,0x56,0x34,0xbb,0xf2,0xed,0x5b,0x5b,0x39,0xa5,0x96,0x53,0xc3,0x5b,
  0xad,0xb,0xf,0x52,0x80,0xfb,0xe5,0xa7,0x9f,0xff,0xfd,0xaf,0xbf,0x3,0x6,0x97,
  0x1,0x6b,0xbb,0x55,0xb,0xa7,0x5f,0x81,0xa7,0x7a,0xff,0x23,0xff,0xe9,0x51,0xa8,
  0x82,0x80,0xad,0xf9,0x8,0x7a,0x45,0x3,0xbf,0x74,0x52,0x5d,0x88,0xb4,0xfb,0x8b,
  0xfd,0x6e,0xef,0x6d,0xed,0x6f,0xed,0x3f,0xb7,0xdf,0xbf,0xc6,0x33,0x8b,0x8b,0x6b,
  0xe5,0xb2,0x2,0x8e,0x6f,0x71,0x28,0xd0,0x1f,0x50,0x2b,0x57,0x55,0xab,0x54,0x0,
  0xcb,0xb5,0xbc,0x9b,0xa8,0xbd,0xde,0x4c,0x10,0x78,0xd9,0x32,0xbc,0x72,0xfd,0x35,
  0x6,0x69,0xe7,0xeb,0xca,0xa1,0x2,0x26,0xca,0xc8,0x27,0x90,0xeb,0x5,0xdd,0x59,
  0x9c,0xa4,0xb3,0x97,0xdb,0x21,0x53,0xe6,0x45,0xd2,0x17,0x9,0xcf,0x7b,0x38,0xf2,
  0xbe,0x87,0xa1,0x45,0x39,0x51,0xaa,0xaa,0xbf,0x4e,0xa,0x75,0xa3,0xe8,0x28,0x86,
  0xc3,0x5f,0xb8,0x78,0x87,0x7d,0xf7,0x5b,0x8f,0xc8,0x2a,0x1c,0x31,0xc2,0xad,0xe7,
  0x32,0x86,0x86,0x36,0x40,0xfe,0x2d,0x2e,0x14,0xcf,0x5c,0x51,0xae,0x56,0xcc,0x79,
  0x7d,0xcb,0xdc,0xe2,0xfd,0x20,0x9b,0x90,0x6b,0x12,0xce,0x2e,0x46,0xd2,0xb,0x96,
  0xc3,0xaf,0x78,0x52,0x19,0xd9,0x45,0xab,0x8b,0x6,0x5d,0xb7,0x7f,0xe4,0xc,0x6,
  0x7f,0x46,0xfd,0x1e,0x6a,0x24,0x57,0x58,0x1c,0xca,0xd9,0xbb,0xf4,0xe6,0x9d,0xaf,
  0x3f,0xdb,0xd2,0xe6,0xc6,0x29,0xdf,0x34,0xa9,0x4e,0x73,0x16,0xfd,0x5c,0xcf,0x34,
  0xe3,0xd5,0x3d,0x67,0x72,0x5b,0xdf,0xe0,0xea,0x6d,0xdd,0x7c,0x8d,0x56,0xe8,0xc1,
  0x91,0x26,0x2d,0x6e,0x5c,0x89,0x29,0xbc,0xae,0x49,0xaf,0x9e,0x9f,0xab,0x57,0x97,
  0xcd,0x51,0x80,0x3d,0x56,0xbe,0x4e,0x33,0x76,0x63,0x39,0x6b,0x12,0x47,0xeb,0x16,
  0x90,0xf8,0x1b,0x28,0x84,0x18,0x6f,0xa0,0xdb,0xe9,0xcd,0x46,0xa2,0xe6,0x6,0x22,
  0x51,0x59,0x5,0xd3,0xf2,0x90,0x20,0x38,0xf4,0x1b,0xf3,0x91,0xb3,0xf4,0x58,0x89,
  0xa0,0x9e,0x6f,0x75,0xa0,0x1,0xd9,0x58,0x89,0x57,0x6a,0xa,0x6c,0x4a,0xe1,0x95,
  0x18,0xc1,0x38,0xe0,0x93,0x26,0xae,0xac,0x6b,0xcc,0xad,0x4e,0xea,0x97,0x95,0x98,
  0x49,0x24,0x2d,0x8c,0x96,0xe5,0x79,0x28,0xdc,0x6c,0x9a,0x2,0x97,0x7e,0xd,0x92,
  0x91,0xcb,0x7,0x6e,0x52,0x8e,0x55,0xee,0x24,0x38,0xf7,0xdb,0x9a,0x29,0xcd,0xa,
  0xb7,0xe8,0xe6,0x4,0xcb,0x25,0xf9,0x5c,0xf1,0x29,0x2c,0xd5,0xa5,0x67,0x75,0xb9,
  0xd5,0x12,0xca,0x4a,0x98,0x57,0x4b,0xa5,0x2f,0x48,0x22,0xeb,0x76,0x2,0xc,0xae,
  0xfa,0xb2,0xd3,0x0,0x77,0xaf,0xad,0x18,0xcc,0xe2,0x35,0xf5,0x33,0xa3,0xa8,0xbe,
  0xa7,0x69,0xd8,0x50,0x16,0x42,0x9f,0x11,0xcc,0x24,0x82,0xea,0x2e,0xef,0x57,0x85,
  0x4f,0x79,0xe6,0x7c,0x36,0xf0,0xcc,0xdd,0xa2,0x3d,0x7,0x74,0xe6,0xbf,0x1e,0x7d,
  0x19,0x68,0xda,0x92,0x29,0xe7,0xe3,0x46,0x5,0x1f,0x17,0xaf,0x31,0x82,0x69,0x1a,
  0xe0,0x66,0x40,0xc7,0xd,0xeb,0x2f,0x67,0xdd,0xde,0xf9,0xf7,0xea,0x3,0x95,0xfc,
  0xd4,0xcf,0xd1,0x28,0x17,0xc0,0x3b,0xe2,0xcb,0xce,0x1c,0xf8,0x17,0xec,0xeb,0xd2,
  0xc7,0x6f,0x93,0xf1,0x73,0x19,0xcc,0x5b,0x54,0x2b,0x9b,0x7c,0x88,0x56,0xdf,0x6c,
  0x72,0xa6,0xa7,0x1a,0xe4,0xbe,0x35,0x6f,0xa0,0xe2,0x98,0xfa,0xb6,0x5c,0x1e,0x74,
  0x42,0x7f,0xbd,0x7e,0x19,0x7a,0x5,0xea,0x91,0xfc,0x32,0x46,0xe2,0xaa,0x3,0x95,
  0x41,0xc8,0x8f,0xa1,0xef,0x6,0xc,0xf2,0xe2,0x9c,0x1f,0xa1,0x81,0x61,0x4f,0xff,
  0xe4,0x88,0x4b,0x4b,0x75,0x78,0xac,0x55,0xc3,0x9e,0x9,0xcb,0x40,0x57,0xfd,0xe7,
  0x80,0xd,0xd,0x5c,0x80,0x72,0x1b,0x8,0x14,0x60,0x5c,0x95,0x4e,0x69,0x34,0x90,
  0x97,0xa3,0x60,0x52,0xdb,0xce,0x69,0x29,0x2d,0x78,0x7a,0x44,0x12,0xc3,0xe,0xe5,
  0x25,0x17,0xf1,0xe1,0x8f,0x85,0x5e,0xab,0x1b,0x2f,0xb5,0x5c,0xee,0x3d,0x5d,0x37,
  0x37,0xa4,0x14,0x28,0x19,0x56,0x4c,0xc7,0x15,0x71,0x35,0x61,0x5e,0x11,0x57,0x93,
  0xc2,0xe,0x3c,0xda,0x45,0xab,0x81,0xb8,0xd5,0x99,0xb9,0x74,0x49,0x4e,0x1f,0x52,
  0xf,0xd8,0xb4,0xff,0x97,0x57,0x92,0x9,0x5d,0xd0,0x21,0x5a,0x4b,0x32,0x81,0xef,
  0x80,0x5,0xfe,0x2e,0x7,0xfc,0xc5,0xab,0x37,0xca,0x50,0xe3,0xce,0x63,0x88,0xc0,
  0x5e,0x6b,0x1d,0xc0,0x3f,0xbf,0x37,0xb7,0x72,0xf2,0x38,0x8,0xd3,0xaf,0x5e,0x19,
  0xab,0xb2,0x14,0x20,0xef,0x16,0xf,0x8d,0xcc,0xf2,0x84,0x49,0xc,0x1b,0x46,0x2,
  0x86,0x64,0x6b,0xca,0x62,0xa7,0x90,0x52,0xa7,0xd3,0xcb,0x97,0x4a,0x5a,0x33,0xf,
  0xa1,0xc7,0x84,0x47,0x34,0x94,0xc7,0x9,0x23,0x86,0xd6,0xf5,0x80,0x1c,0x8b,0x7e,
  0xf2,0x3f,0x14,0x1a,0x64,0x23,0x6b,0x99,0xe0,0x17,0xc,0x8f,0xe1,0xf8,0x30,0x91,
  0xa0,0x7c,0xb0,0xea,0x21,0xe4,0x4b,0x6f,0x2d,0xa5,0xa3,0x26,0x7c,0x9c,0xfb,0x78,
  0xc,0xfa,0xc2,0xc9,0x8a,0x30,0x7c,0xa6,0x39,0xb4,0x28,0x25,0xa5,0xa4,0x56,0xf5,
  0x8c,0xbe,0x7a,0x83,0x6b,0x49,0xb9,0x90,0x2c,0x4a,0xc9,0x15,0xd8,0x12,0x73,0x80,
  0x13,0xb4,0x5f,0x5b,0xb9,0x61,0xac,0xc2,0x4c,0x72,0x77,0xac,0xba,0x83,0xef,0x15,
  0x4c,0x48,0x95,0x14,0x6a,0x74,0xd4,0x2b,0xac,0x63,0x6a,0x52,0x1e,0xd6,0xfe,0x3,
  0xd,0x9,0x17,0xaf,
    // VehiculesPage.qml
  0x0,0x0,0x5,0xb,
  0x0,
  0x0,0x19,0x1f,0x78,0xda,0xb5,0x58,0xcb,0x72,0xdb,0x36,0x14,0xdd,0xf3,0x2b,0x30,
  0xec,0x46,0x9a,0xb4,0x8c,0x44,0xc9,0x72,0x22,0x8e,0x17,0x8a,0x2d,0x4d,0x34,0x8e,
  0xd3,0xc4,0xc9,0xa8,0x6b,0x98,0x84,0x25,0xd4,0x20,0xc1,0x82,0xa0,0x1f,0xc9,0x68,
  0xdb,0x6d,0xdb,0x55,0x66,0xba,0xe9,0xb6,0xf9,0x83,0xee,0xfd,0x27,0xfd,0x81,0xf6,
  0x13,0xa,0xf0,0x21,0x92,0x22,0xf8,0xb2,0x5d,0x7a,0x61,0xa,0xbc,0x0,0xee,0xc5,
  0x3d,0xe7,0x3e,0x80,0x5d,0x9f,0x32,0xe,0xde,0xf3,0xf7,0x21,0xb6,0xaf,0x80,0x69,
  0xc,0xf,0x34,0x5c,0x18,0x33,0xde,0xc0,0x3b,0x1a,0xf2,0x0,0xc,0x15,0xdf,0x8e,
  0xa9,0xc7,0x19,0x25,0x41,0x3c,0x51,0x5b,0x72,0xe4,0x82,0xcf,0x1a,0x10,0xf,0x76,
  0xa6,0xe0,0x1a,0x6d,0xb0,0x4d,0x50,0x70,0x4e,0x29,0xd7,0xa2,0xd1,0x63,0x2a,0xe6,
  0x7b,0xc8,0xe3,0x6,0xf5,0xe4,0x3b,0x41,0x1c,0x9,0xc1,0x78,0x8a,0x7c,0x6e,0xb0,
  0xe7,0xd0,0x1b,0x3,0x72,0x2e,0x84,0xd0,0x5b,0x1a,0x5e,0x23,0x42,0xd0,0x1b,0x1c,
  0x70,0xb4,0x92,0xab,0x85,0x62,0x39,0x70,0x4,0x38,0xb,0x91,0xb5,0x9b,0x64,0x53,
  0xd7,0x3d,0x87,0x81,0x8f,0xd,0x7a,0x21,0xe6,0x61,0x96,0x8a,0xf6,0xfa,0xb1,0xd0,
  0x36,0xdd,0x9d,0x84,0xae,0x17,0xdb,0x93,0xdb,0x13,0x7a,0xf6,0x86,0xb2,0xc0,0xb8,
  0xc4,0x84,0x4c,0x81,0xf,0x99,0xd8,0xba,0xf4,0xd1,0x85,0x6c,0x8d,0xbd,0x60,0xa,
  0x84,0x9d,0xe9,0xb7,0xc0,0x87,0x36,0xf6,0xd6,0x62,0x6c,0xac,0xed,0x6,0xcf,0xe9,
  0x4d,0x69,0x7,0xf9,0xc4,0x83,0xd1,0x26,0x3f,0x60,0x87,0x6f,0xa6,0x91,0x11,0x5,
  0x91,0x6c,0xbd,0x81,0x56,0xf8,0x70,0x8e,0x6c,0xe,0xbd,0x35,0x41,0x7b,0x6b,0xc6,
  0x27,0x16,0x2d,0x36,0x9a,0x58,0x60,0x83,0xf0,0x7a,0xc3,0xe3,0x77,0x6,0x1d,0x1c,
  0x4a,0x75,0x5f,0x94,0x66,0xd8,0x94,0x50,0x36,0x5,0xfa,0x37,0x8b,0x3,0xf9,0xa7,
  0x97,0x4,0x3e,0xa2,0x5b,0xa1,0xfd,0xce,0x74,0x5b,0xba,0x82,0x2d,0xbd,0xf4,0x6c,
  0x2c,0xc0,0x85,0x80,0x58,0xe0,0xef,0x9f,0x7f,0xd5,0x2d,0x70,0x29,0x30,0x60,0xf8,
  0xf8,0x16,0x91,0xf,0xf8,0x13,0x12,0x3b,0x8a,0xdd,0x77,0x5b,0x1c,0x8c,0x27,0xf3,
  0xc3,0x99,0x2e,0x3c,0xb0,0xbf,0xc9,0x19,0xd,0x3,0x34,0x63,0x8,0xe6,0x76,0xca,
  0x7b,0xc0,0x2,0x2,0x22,0x44,0x80,0x4c,0x2,0x24,0xe0,0xd0,0xbe,0x5a,0x61,0x74,
  0x63,0xf8,0xd4,0xef,0xf5,0xf7,0x96,0xdb,0x16,0x4f,0x2b,0x56,0xbf,0xb4,0x61,0xa2,
  0xf4,0xea,0xfe,0x6b,0x82,0xa3,0xb2,0xe1,0xfb,0xa6,0x98,0x3,0xb5,0xc8,0x5,0x25,
  0x8e,0xc2,0x7f,0x85,0xc3,0x35,0x27,0x23,0x73,0xf4,0x42,0xdf,0x53,0x54,0xa1,0xf2,
  0xcc,0xf7,0x5f,0x85,0x9c,0x53,0x6f,0x4f,0xe7,0x44,0xdf,0x67,0x60,0xf6,0xa3,0x0,
  0xe,0x62,0x20,0xf4,0xc0,0x75,0xaa,0xbc,0xde,0x15,0x5b,0xea,0xc3,0xc,0x83,0x4d,
  0xf,0x3a,0xce,0x2a,0x26,0xea,0x82,0x32,0xb7,0xaf,0x52,0x51,0xf2,0x4f,0x4e,0xe8,
  0xe,0xe9,0x9c,0xc8,0xeb,0x4,0x9d,0xb5,0xb0,0xcf,0x8f,0xbb,0xd4,0x41,0x24,0x8b,
  0x22,0x67,0xf2,0x67,0x41,0xc0,0x26,0xd8,0x4f,0xd6,0x2b,0x8c,0xb,0x39,0xb4,0x86,
  0x5c,0x38,0xb0,0x5,0x71,0x62,0xb4,0x19,0xd1,0xaf,0x92,0x4c,0xca,0xa8,0x43,0xb3,
  0xf4,0x69,0x47,0xb0,0x71,0x25,0x6,0x6e,0x36,0x98,0xa3,0x32,0xca,0x2e,0x28,0x73,
  0x10,0x33,0x76,0x48,0x99,0x47,0x4f,0xa5,0x5c,0xa2,0xe7,0x50,0x2b,0x9,0xd4,0x59,
  0xd7,0x18,0xd8,0x54,0x82,0x9c,0xfa,0x67,0x51,0x9c,0x13,0x31,0x44,0x29,0x98,0x1a,
  0x9d,0x1c,0x5a,0xfc,0x53,0x29,0xb9,0xb3,0x6e,0x10,0x3d,0xba,0x52,0x88,0x4a,0xcf,
  0xf3,0xbb,0x29,0x18,0x18,0x83,0xb1,0x52,0xe2,0xd3,0x14,0x7c,0x37,0x2c,0x7d,0xd9,
  0x6a,0x75,0xe1,0xe4,0x71,0x67,0x91,0x23,0x8a,0x7a,0xa5,0x5c,0x9a,0xa,0x4,0xd0,
  0x6c,0x91,0xc1,0x12,0xfe,0x88,0xc4,0xe4,0x41,0x37,0x97,0x98,0xf6,0x9f,0x3d,0xe6,
  0xe9,0xa7,0xee,0x3b,0xb8,0x46,0xc6,0x4f,0x2e,0xd1,0xfb,0xea,0x59,0xdb,0x36,0xb6,
  0x57,0xa5,0x9c,0x7,0xe3,0x80,0xa0,0x4b,0x9e,0x2,0x61,0x38,0xae,0x15,0x65,0x92,
  0x20,0x3b,0xd9,0x81,0x52,0x36,0x23,0xb8,0xa9,0x29,0x5,0x9a,0x80,0x9c,0xa3,0xeb,
  0x78,0x9c,0xe5,0x39,0xf9,0x9e,0x22,0xd2,0x34,0x2b,0x67,0x66,0x44,0x1b,0x2d,0xcc,
  0xc5,0x89,0x5e,0x29,0x98,0x4,0x2b,0x48,0xf0,0xda,0x73,0xc5,0x19,0x4d,0x45,0x9d,
  0x63,0xcc,0xe4,0xaf,0xd5,0x71,0x94,0x3,0x2b,0x67,0xb6,0xcd,0x98,0xff,0xfe,0xf1,
  0xfb,0x17,0x45,0xca,0x34,0x7,0xa,0x47,0x57,0x38,0xbb,0xa6,0x90,0xa9,0xb0,0xa7,
  0x2e,0x3e,0x3f,0x8d,0xf9,0x3b,0x7,0x57,0xf8,0xb7,0x26,0x2b,0x97,0x33,0x9e,0xa4,
  0x50,0xad,0x58,0x53,0xa,0xae,0xcb,0xe8,0xb9,0xea,0xad,0x16,0x2a,0xaa,0xec,0xdd,
  0xc2,0x31,0x9d,0xc,0xbd,0x72,0xc1,0x33,0xa0,0x8b,0x7f,0x7a,0x3b,0x9d,0x5e,0xe,
  0x66,0xe3,0xd9,0x5c,0xef,0x66,0xaf,0x59,0x63,0x42,0x7,0xc3,0x9e,0x3f,0x7,0x1f,
  0x42,0xdf,0x67,0x28,0x8,0xb0,0xa8,0x54,0x4,0xac,0xc1,0xf2,0xe4,0xb1,0x5c,0x1e,
  0xe5,0xb8,0x3c,0xca,0x71,0x79,0x78,0xd8,0xcc,0xe5,0xc5,0x62,0xfe,0x6a,0x3e,0x7f,
  0xc,0x97,0x1f,0xe3,0xc0,0x2a,0xa2,0xb7,0xf0,0xba,0x88,0x1,0x5f,0x7e,0xfb,0xe7,
  0xaf,0x5f,0x5a,0x3a,0x7d,0x7e,0x30,0x7a,0x39,0x3a,0xe8,0xe8,0xf4,0xf1,0x93,0xf0,
  0xa7,0x6,0xe3,0x4d,0xd9,0xb6,0x73,0xe6,0xe9,0x94,0x7d,0xd3,0x7,0x5f,0x82,0x9e,
  0x8c,0x16,0xe0,0xe8,0xe8,0xa8,0x22,0x25,0xf7,0x5b,0x2c,0x53,0x9b,0xd0,0x75,0xdd,
  0x6a,0x5c,0x60,0xab,0xb5,0x5c,0xbe,0x5b,0x5b,0x5b,0x8d,0x8d,0xb4,0xdd,0xd,0x24,
  0x25,0xb1,0x8b,0xb2,0x86,0x37,0x29,0x96,0x97,0x4e,0xbf,0x79,0x9d,0x42,0x61,0x6d,
  0x30,0xe4,0xd2,0x6b,0xd4,0x13,0x8a,0xa2,0xdb,0x86,0xc9,0xdb,0xce,0x31,0xa5,0x7e,
  0x24,0xdf,0x16,0x15,0xda,0xf5,0xe4,0xb2,0x20,0xe7,0x43,0x79,0xad,0x50,0x6c,0x58,
  0x76,0x9f,0x72,0x97,0xf,0x2d,0xf3,0x64,0x2b,0x74,0x96,0x2e,0x0,0x14,0x4d,0x61,
  0x96,0xff,0x6,0x9a,0xd6,0x21,0x9c,0x24,0x11,0x21,0xc2,0x3,0xc,0xab,0xba,0xbb,
  0x2e,0xbc,0x6d,0xd1,0xc1,0xb6,0xca,0x73,0xdb,0xee,0xdd,0x86,0xba,0xda,0xc8,0x22,
  0xfc,0x70,0x32,0xc8,0x85,0xf8,0x49,0xad,0x5e,0x71,0xe7,0x64,0x55,0xb5,0x4a,0x56,
  0x73,0x6f,0xd4,0x36,0x15,0xa9,0xaf,0x1e,0x5a,0x37,0x44,0x95,0x4d,0x91,0x55,0xea,
  0x80,0xac,0x62,0xbb,0x63,0x55,0xf4,0x36,0x8f,0x2f,0xfb,0xea,0x4d,0xca,0x2e,0xb2,
  0x26,0x56,0x73,0x65,0x9e,0x5c,0x50,0x48,0xc,0x2f,0x30,0x22,0x4e,0x43,0x38,0x8d,
  0x6e,0xfd,0xde,0x36,0x15,0x70,0x3e,0x81,0x36,0xda,0x8,0x20,0x23,0xf6,0x31,0x66,
  0x80,0x8,0x41,0xf7,0x7f,0xa,0x3f,0x39,0x8d,0x24,0x78,0x60,0x6d,0xbb,0x7d,0x3a,
  0xf3,0x4e,0xdd,0x8e,0xc6,0x9d,0x62,0x42,0xdd,0xfb,0xaf,0x9c,0x89,0x5e,0xf,0x40,
  0x9b,0x87,0x88,0xd4,0xdb,0x86,0x3d,0x3f,0xe4,0x67,0x88,0x6f,0xa8,0xf3,0x1a,0x7b,
  0x3c,0x88,0x6a,0x97,0xa5,0xbb,0x39,0xc1,0x6b,0xcc,0x83,0xef,0x3d,0x72,0xf7,0xb4,
  0x47,0xf3,0xe0,0xc6,0x33,0xe,0xb9,0x55,0x97,0x3c,0xf,0x69,0x55,0xab,0x82,0x48,
  0x23,0x50,0xab,0x6e,0xd1,0x14,0xe1,0x76,0xe6,0x79,0x2,0x5e,0x4c,0x10,0x12,0x7,
  0xef,0x44,0xfa,0x84,0x4c,0x50,0xf2,0x12,0x92,0x40,0xec,0xd3,0xf1,0xec,0xaa,0xaf,
  0x28,0xbb,0xf0,0xba,0x83,0xee,0x73,0x8f,0xa1,0xb5,0x28,0x1b,0x58,0xa4,0xff,0xc3,
  0xb5,0xad,0xc7,0xf9,0x93,0x95,0x2b,0x59,0xa9,0x2,0xe3,0x4b,0xcc,0xac,0x50,0x91,
  0x51,0xc2,0x90,0x56,0x7d,0x2b,0x29,0x15,0xbd,0x35,0x94,0x1d,0x7b,0x27,0x6c,0xfd,
  0xef,0x55,0xc8,0x56,0xfb,0xf,0x84,0xdb,0xdb,0xf7,
    // AppButton.qml
  0x0,0x0,0x5,0x6f,
  0x69,
  0x6d,0x70,0x6f,0x72,0x74,0x20,0x51,0x74,0x51,0x75,0x69,0x63,0x6b,0x20,0x32,0x2e,
  0x31,0x35,0xa,0x69,0x6d,0x70,0x6f,0x72,0x74,0x20,0x51,0x74,0x51,0x75,0x69,0x63,
  0x6b,0x2e,0x43,0x6f,0x6e,0x74,0x72,0x6f,0x6c,0x73,0x20,0x32,0x2e,0x31,0x35,0xa,
  0xa,0x42,0x75,0x74,0x74,0x6f,0x6e,0x20,0x7b,0xa,0x20,0x20,0x20,0x20,0x69,0x64,
  0x3a,0x20,0x63,0x6f,0x6e,0x74,0x72,0x6f,0x6c,0xa,0xa,0x20,0x20,0x20,0x20,0x70,
  0x72,0x6f,0x70,0x65,0x72,0x74,0x79,0x20,0x62,0x6f,0x6f,0x6c,0x20,0x69,0x73,0x50,
  0x72,0x69,0x6d,0x61,0x72,0x79,0x3a,0x20,0x74,0x72,0x75,0x65,0xa,0xa,0x20,0x20,
  0x20,0x20,0x70,0x72,0x6f,0x70,0x65,0x72,0x74,0x79,0x20,0x63,0x6f,0x6c,0x6f,0x72,
  0x20,0x74,0x65,0x78,0x74,0x43,0x6f,0x6c,0x6f,0x72,0x3a,0x20,0x7b,0xa,0x20,0x20,
  0x20,0x20,0x20,0x20,0x20,0x20,0x69,0x66,0x20,0x28,0x69,0x73,0x50,0x72,0x69,0x6d,
  0x61,0x72,0x79,0x29,0x20,0x7b,0x20,0x72,0x65,0x74,0x75,0x72,0x6e,0x20,0x22,0x23,
  0x46,0x46,0x46,0x46,0x46,0x46,0x22,0x3b,0x20,0x7d,0xa,0x20,0x20,0x20,0x20,0x20,
  0x20,0x20,0x20,0x72,0x65,0x74,0x75,0x72,0x6e,0x20,0x22,0x23,0x33,0x37,0x34,0x37,
  0x34,0x46,0x22,0x3b,0xa,0x20,0x20,0x20,0x20,0x7d,0xa,0xa,0x20,0x20,0x20,0x20,
  0x63,0x6f,0x6e,0x74,0x65,0x6e,0x74,0x49,0x74,0x65,0x6d,0x3a,0x20,0x54,0x65,0x78,
  0x74,0x20,0x7b,0xa,0x20,0x20,0x20,0x20,0x20,0x20,0x20,0x20,0x74,0x65,0x78,0x74,
  0x3a,0x20,0x63,0x6f,0x6e,0x74,0x72,0x6f,0x6c,0x2e,0x74,0x65,0x78,0x74,0xa,0x20,
  0x20,0x20,0x20,0x20,0x20,0x20,0x20,0x63,0x6f,0x6c,0x6f,0x72,0x3a,0x20,0x7b,0xa,
  0x20,0x20,0x20,0x20,0x20,0x20,0x20,0x20,0x20,0x20,0x20,0x20,0x69,0x66,0x20,0x28,
  0x63,0x6f,0x6e,0x74,0x72,0x6f,0x6c,0x2e,0x65,0x6e,0x61,0x62,0x6c,0x65,0x64,0x29,
  0x20,0x7b,0x20,0x72,0x65,0x74,0x75,0x72,0x6e,0x20,0x63,0x6f,0x6e,0x74,0x72,0x6f,
  0x6c,0x2e,0x74,0x65,0x78,0x74,0x43,0x6f,0x6c,0x6f,0x72,0x3b,0x20,0x7d,0xa,0x20,
  0x20,0x20,0x20,0x20,0x20,0x20,0x20,0x20,0x20,0x20,0x20,0x72,0x65,0x74,0x75,0x72,
  0x6e,0x20,0x22,0x23,0x39,0x45,0x39,0x45,0x39,0x45,0x22,0x3b,0xa,0x20,0x20,0x20,
  0x20,0x20,0x20,0x20,0x20,0x7d,0xa,0x20,0x20,0x20,0x20,0x20,0x20,0x20,0x20,0x66,
  0x6f,0x6e,0x74,0x2e,0x70,0x69,0x78,0x65,0x6c,0x53,0x69,0x7a,0x65,0x3a,0x20,0x31,
  0x34,0xa,0x20,0x20,0x20,0x20,0x20,0x20,0x20,0x20,0x66,0x6f,0x6e,0x74,0x2e,0x62,
  0x6f,0x6c,0x64,0x3a,0x20,0x74,0x72,0x75,0x65,0xa,0x20,0x20,0x20,0x20,0x20,0x20,
  0x20,0x20,0x66,0x6f,0x6e,0x74,0x2e,0x6c,0x65,0x74,0x74,0x65,0x72,0x53,0x70,0x61,
  0x63,0x69,0x6e,0x67,0x3a,0x20,0x30,0x2e,0x35,0xa,0x20,0x20,0x20,0x20,0x20,0x20,
  0x20,0x20,0x68,0x6f,0x72,0x69,0x7a,0x6f,0x6e,0x74,0x61,0x6c,0x41,0x6c,0x69,0x67,
  0x6e,0x6d,0x65,0x6e,0x74,0x3a,0x20,0x54,0x65,0x78,0x74,0x2e,0x41,0x6c,0x69,0x67,
  0x6e,0x48,0x43,0x65,0x6e,0x74,0x65,0x72,0xa,0x20,0x20,0x20,0x20,0x20,0x20,0x20,
  0x20,0x76,0x65,0x72,0x74,0x69,0x63,0x61,0x6c,0x41,0x6c,0x69,0x67,0x6e,0x6d,0x65,
  0x6e,0x74,0x3a,0x20,0x54,0x65,0x78,0x74,0x2e,0x41,0x6c,0x69,0x67,0x6e,0x56,0x43,
  0x65,0x6e,0x74,0x65,0x72,0xa,0x20,0x20,0x20,0x20,0x7d,0xa,0xa,0x20,0x20,0x20,
  0x20,0x62,0x61,0x63,0x6b,0x67,0x72,0x6f,0x75,0x6e,0x64,0x3a,0x20,0x52,0x65,0x63,
  0x74,0x61,0x6e,0x67,0x6c,0x65,0x20,0x7b,0xa,0x20,0x20,0x20,0x20,0x20,0x20,0x20,
  0x20,0x69,0x6d,0x70,0x6c,0x69,0x63,0x69,0x74,0x48,0x65,0x69,0x67,0x68,0x74,0x3a,
  0x20,0x34,0x38,0xa,0x20,0x20,0x20,0x20,0x20,0x20,0x20,0x20,0x72,0x61,0x64,0x69,
  0x75,0x73,0x3a,0x20,0x31,0x30,0xa,0xa,0x20,0x20,0x20,0x20,0x20,0x20,0x20,0x20,
  0x63,0x6f,0x6c,0x6f,0x72,0x3a,0x20,0x7b,0xa,0x20,0x20,0x20,0x20,0x20,0x20,0x20,
  0x20,0x20,0x20,0x20,0x20,0x69,0x66,0x20,0x28,0x21,0x63,0x6f,0x6e,0x74,0x72,0x6f,
  0x6c,0x2e,0x65,0x6e,0x61,0x62,0x6c,0x65,0x64,0x29,0x20,0x7b,0x20,0x72,0x65,0x74,
  0x75,0x72,0x6e,0x20,0x22,0x23,0x45,0x30,0x45,0x30,0x45,0x30,0x22,0x3b,0x20,0x7d,
  0xa,0x20,0x20,0x20,0x20,0x20,0x20,0x20,0x20,0x20,0x20,0x20,0x20,0x69,0x66,0x20,
  0x28,0x69,0x73,0x50,0x72,0x69,0x6d,0x61,0x72,0x79,0x29,0x20,0x7b,0xa,0x20,0x20,
  0x20,0x20,0x20,0x20,0x20,0x20,0x20,0x20,0x20,0x20,0x20,0x20,0x20,0x20,0x69,0x66,
  0x20,0x28,0x63,0x6f,0x6e,0x74,0x72,0x6f,0x6c,0x2e,0x70,0x72,0x65,0x73,0x73,0x65,
  0x64,0x29,0x20,0x7b,0x20,0x72,0x65,0x74,0x75,0x72,0x6e,0x20,0x22,0x23,0x31,0x35,
  0x36,0x35,0x43,0x30,0x22,0x3b,0x20,0x7d,0xa,0x20,0x20,0x20,0x20,0x20,0x20,0x20,
  0x20,0x20,0x20,0x20,0x20,0x20,0x20,0x20,0x20,0x72,0x65,0x74,0x75,0x72,0x6e,0x20,
  0x22,0x23,0x31,0x45,0x38,0x38,0x45,0x35,0x22,0x3b,0xa,0x20,0x20,0x20,0x20,0x20,
  0x20,0x20,0x20,0x20,0x20,0x20,0x20,0x7d,0xa,0x20,0x20,0x20,0x20,0x20,0x20,0x20,
  0x20,0x20,0x20,0x20,0x20,0x69,0x66,0x20,0x28,0x63,0x6f,0x6e,0x74,0x72,0x6f,0x6c,
  0x2e,0x70,0x72,0x65,0x73,0x73,0x65,0x64,0x29,0x20,0x7b,0x20,0x72,0x65,0x74,0x75,
  0x72,0x6e,0x20,0x22,0x23,0x45,0x30,0x45,0x30,0x45,0x30,0x22,0x3b,0x20,0x7d,0xa,
  0x20,0x20,0x20,0x20,0x20,0x20,0x20,0x20,0x20,0x20,0x20,0x20,0x72,0x65,0x74,0x75,
  0x72,0x6e,0x20,0x22,0x23,0x46,0x35,0x46,0x35,0x46,0x35,0x22,0x3b,0xa,0x20,0x20,
  0x20,0x20,0x20,0x20,0x20,0x20,0x7d,0xa,0xa,0x20,0x20,0x20,0x20,0x20,0x20,0x20,
  0x20,0x62,0x6f,0x72,0x64,0x65,0x72,0x2e,0x77,0x69,0x64,0x74,0x68,0x3a,0x20,0x7b,
  0xa,0x20,0x20,0x20,0x20,0x20,0x20,0x20,0x20,0x20,0x20,0x20,0x20,0x69,0x66,0x20,
  0x28,0x69,0x73,0x50,0x72,0x69,0x6d,0x61,0x72,0x79,0x29,0x20,0x7b,0x20,0x72,0x65,
  0x74,0x75,0x72,0x6e,0x20,0x30,0x3b,0x20,0x7d,0xa,0x20,0x20,0x20,0x20,0x20,0x20,
  0x20,0x20,0x20,0x20,0x20,0x20,0x72,0x65,0x74,0x75,0x72,0x6e,0x20,0x31,0x3b,0xa,
  0x20,0x20,0x20,0x20,0x20,0x20,0x20,0x20,0x7d,0xa,0x20,0x20,0x20,0x20,0x20,0x20,
  0x20,0x20,0x62,0x6f,0x72,0x64,0x65,0x72,0x2e,0x63,0x6f,0x6c,0x6f,0x72,0x3a,0x20,
  0x22,0x23,0x45,0x30,0x45,0x30,0x45,0x30,0x22,0xa,0xa,0x20,0x20,0x20,0x20,0x20,
  0x20,0x20,0x20,0x2f,0x2f,0x20,0x4f,0x6d,0x62,0x72,0x65,0x20,0x64,0x6f,0x75,0x63,
  0x65,0x20,0x73,0x6f,0x75,0x73,0x20,0x6c,0x65,0x20,0x62,0x6f,0x75,0x74,0x6f,0x6e,
  0x20,0x70,0x72,0x69,0x6d,0x61,0x69,0x72,0x65,0xa,0x20,0x20,0x20,0x20,0x20,0x20,
  0x20,0x20,0x52,0x65,0x63,0x74,0x61,0x6e,0x67,0x6c,0x65,0x20,0x7b,0xa,0x20,0x20,
  0x20,0x20,0x20,0x20,0x20,0x20,0x20,0x20,0x20,0x20,0x76,0x69,0x73,0x69,0x62,0x6c,
  0x65,0x3a,0x20,0x69,0x73,0x50,0x72,0x69,0x6d,0x61,0x72,0x79,0x20,0x26,0x26,0x20,
  0x63,0x6f,0x6e,0x74,0x72,0x6f,0x6c,0x2e,0x65,0x6e,0x61,0x62,0x6c,0x65,0x64,0xa,
  0x20,0x20,0x20,0x20,0x20,0x20,0x20,0x20,0x20,0x20,0x20,0x20,0x61,0x6e,0x63,0x68,
  0x6f,0x72,0x73,0x2e,0x66,0x69,0x6c,0x6c,0x3a,0x20,0x70,0x61,0x72,0x65,0x6e,0x74,
  0xa,0x20,0x20,0x20,0x20,0x20,0x20,0x20,0x20,0x20,0x20,0x20,0x20,0x61,0x6e,0x63,
  0x68,0x6f,0x72,0x73,0x2e,0x74,0x6f,0x70,0x4d,0x61,0x72,0x67,0x69,0x6e,0x3a,0x20,
  0x32,0xa,0x20,0x20,0x20,0x20,0x20,0x20,0x20,0x20,0x20,0x20,0x20,0x20,0x72,0x61,
  0x64,0x69,0x75,0x73,0x3a,0x20,0x70,0x61,0x72,0x65,0x6e,0x74,0x2e,0x72,0x61,0x64,
  0x69,0x75,0x73,0xa,0x20,0x20,0x20,0x20,0x20,0x20,0x20,0x20,0x20,0x20,0x20,0x20,
  0x63,0x6f,0x6c,0x6f,0x72,0x3a,0x20,0x22,0x23,0x31,0x45,0x38,0x38,0x45,0x35,0x22,
  0xa,0x20,0x20,0x20,0x20,0x20,0x20,0x20,0x20,0x20,0x20,0x20,0x20,0x6f,0x70,0x61,
  0x63,0x69,0x74,0x79,0x3a,0x20,0x30,0x2e,0x32,0xa,0x20,0x20,0x20,0x20,0x20,0x20,
  0x20,0x20,0x20,0x20,0x20,0x20,0x7a,0x3a,0x20,0x2d,0x31,0xa,0x20,0x20,0x20,0x20,
  0x20,0x20,0x20,0x20,0x7d,0xa,0x20,0x20,0x20,0x20,0x7d,0xa,0x7d,0xa,
    // AppTextField.qml
  0x0,0x0,0x2,0x75,
  0x69,
  0x6d,0x70,0x6f,0x72,0x74,0x20,0x51,0x74,0x51,0x75,0x69,0x63,0x6b,0x20,0x32,0x2e,
  0x31,0x35,0xa,0x69,0x6d,0x70,0x6f,0x72,0x74,0x20,0x51,0x74,0x51,0x75,0x69,0x63,
  0x6b,0x2e,0x43,0x6f,0x6e,0x74,0x72,0x6f,0x6c,0x73,0x20,0x32,0x2e,0x31,0x35,0xa,
  0xa,0x54,0x65,0x78,0x74,0x46,0x69,0x65,0x6c,0x64,0x20,0x7b,0xa,0x20,0x20,0x20,
  0x20,0x69,0x64,0x3a,0x20,0x63,0x6f,0x6e,0x74,0x72,0x6f,0x6c,0xa,0xa,0x20,0x20,
  0x20,0x20,0x66,0x6f,0x6e,0x74,0x2e,0x70,0x69,0x78,0x65,0x6c,0x53,0x69,0x7a,0x65,
  0x3a,0x20,0x31,0x34,0xa,0x20,0x20,0x20,0x20,0x63,0x6f,0x6c,0x6f,0x72,0x3a,0x20,
  0x22,0x23,0x32,0x36,0x33,0x32,0x33,0x38,0x22,0xa,0x20,0x20,0x20,0x20,0x70,0x6c,
  0x61,0x63,0x65,0x68,0x6f,0x6c,0x64,0x65,0x72,0x54,0x65,0x78,0x74,0x43,0x6f,0x6c,
  0x6f,0x72,0x3a,0x20,0x22,0x23,0x42,0x30,0x42,0x45,0x43,0x35,0x22,0xa,0x20,0x20,
  0x20,0x20,0x6c,0x65,0x66,0x74,0x50,0x61,0x64,0x64,0x69,0x6e,0x67,0x3a,0x20,0x31,
  0x34,0xa,0x20,0x20,0x20,0x20,0x72,0x69,0x67,0x68,0x74,0x50,0x61,0x64,0x64,0x69,
  0x6e,0x67,0x3a,0x20,0x31,0x34,0xa,0xa,0x20,0x20,0x20,0x20,0x62,0x61,0x63,0x6b,
  0x67,0x72,0x6f,0x75,0x6e,0x64,0x3a,0x20,0x52,0x65,0x63,0x74,0x61,0x6e,0x67,0x6c,
  0x65,0x20,0x7b,0xa,0x20,0x20,0x20,0x20,0x20,0x20,0x20,0x20,0x69,0x6d,0x70,0x6c,
  0x69,0x63,0x69,0x74,0x48,0x65,0x69,0x67,0x68,0x74,0x3a,0x20,0x34,0x38,0xa,0x20,
  0x20,0x20,0x20,0x20,0x20,0x20,0x20,0x63,0x6f,0x6c,0x6f,0x72,0x3a,0x20,0x7b,0xa,
  0x20,0x20,0x20,0x20,0x20,0x20,0x20,0x20,0x20,0x20,0x20,0x20,0x69,0x66,0x20,0x28,
  0x63,0x6f,0x6e,0x74,0x72,0x6f,0x6c,0x2e,0x61,0x63,0x74,0x69,0x76,0x65,0x46,0x6f,
  0x63,0x75,0x73,0x29,0x20,0x7b,0x20,0x72,0x65,0x74,0x75,0x72,0x6e,0x20,0x22,0x23,
  0x46,0x46,0x46,0x46,0x46,0x46,0x22,0x3b,0x20,0x7d,0xa,0x20,0x20,0x20,0x20,0x20,
  0x20,0x20,0x20,0x20,0x20,0x20,0x20,0x72,0x65,0x74,0x75,0x72,0x6e,0x20,0x22,0x23,
  0x46,0x35,0x46,0x37,0x46,0x41,0x22,0x3b,0xa,0x20,0x20,0x20,0x20,0x20,0x20,0x20,
  0x20,0x7d,0xa,0x20,0x20,0x20,0x20,0x20,0x20,0x20,0x20,0x72,0x61,0x64,0x69,0x75,
  0x73,0x3a,0x20,0x31,0x30,0xa,0x20,0x20,0x20,0x20,0x20,0x20,0x20,0x20,0x62,0x6f,
  0x72,0x64,0x65,0x72,0x2e,0x77,0x69,0x64,0x74,0x68,0x3a,0x20,0x7b,0xa,0x20,0x20,
  0x20,0x20,0x20,0x20,0x20,0x20,0x20,0x20,0x20,0x20,0x69,0x66,0x20,0x28,0x63,0x6f,
  0x6e,0x74,0x72,0x6f,0x6c,0x2e,0x61,0x63,0x74,0x69,0x76,0x65,0x46,0x6f,0x63,0x75,
  0x73,0x29,0x20,0x7b,0x20,0x72,0x65,0x74,0x75,0x72,0x6e,0x20,0x32,0x3b,0x20,0x7d,
  0xa,0x20,0x20,0x20,0x20,0x20,0x20,0x20,0x20,0x20,0x20,0x20,0x20,0x72,0x65,0x74,
  0x75,0x72,0x6e,0x20,0x31,0x3b,0xa,0x20,0x20,0x20,0x20,0x20,0x20,0x20,0x20,0x7d,
  0xa,0x20,0x20,0x20,0x20,0x20,0x20,0x20,0x20,0x62,0x6f,0x72,0x64,0x65,0x72,0x2e,
  0x63,0x6f,0x6c,0x6f,0x72,0x3a,0x20,0x7b,0xa,0x20,0x20,0x20,0x20,0x20,0x20,0x20,
  0x20,0x20,0x20,0x20,0x20,0x69,0x66,0x20,0x28,0x63,0x6f,0x6e,0x74,0x72,0x6f,0x6c,
  0x2e,0x61,0x63,0x74,0x69,0x76,0x65,0x46,0x6f,0x63,0x75,0x73,0x29,0x20,0x7b,0x20,
  0x72,0x65,0x74,0x75,0x72,0x6e,0x20,0x22,0x23,0x31,0x45,0x38,0x38,0x45,0x35,0x22,
  0x3b,0x20,0x7d,0xa,0x20,0x20,0x20,0x20,0x20,0x20,0x20,0x20,0x20,0x20,0x20,0x20,
  0x72,0x65,0x74,0x75,0x72,0x6e,0x20,0x22,0x23,0x45,0x30,0x45,0x30,0x45,0x30,0x22,
  0x3b,0xa,0x20,0x20,0x20,0x20,0x20,0x20,0x20,0x20,0x7d,0xa,0x20,0x20,0x20,0x20,
  0x7d,0xa,0x7d,0xa,
    // StatusPage.qml
  0x0,0x0,0x6,0xaa,
  0x0,
  0x0,0x1e,0x78,0x78,0xda,0xd5,0x58,0xcd,0x72,0xdb,0x36,0x10,0xbe,0xeb,0x29,0x50,
  0xe6,0x22,0x35,0x9,0x4d,0x51,0x3f,0x96,0xad,0x7a,0x3a,0xb2,0x2c,0x37,0x6e,0xe3,
  0x99,0x24,0x72,0x9b,0x4b,0x2e,0xb0,0x4,0x53,0x88,0x49,0x80,0x1,0x41,0x3b,0x76,
  0xc7,0x97,0x1e,0x3a,0xd3,0x5b,0x1f,0xa3,0xee,0xf4,0xd,0x7a,0xd4,0x9b,0xe4,0x49,
  0xba,0x20,0x29,0x8a,0xa4,0xf8,0x27,0x27,0x69,0x53,0x7a,0xc6,0x23,0x82,0xc0,0x62,
  0x7f,0xbe,0x5d,0x7c,0xb,0xea,0xb8,0x5c,0x48,0xf4,0x52,0xbe,0xf4,0xe9,0xec,0x12,
  0x99,0x7a,0xbb,0xd7,0xa0,0xa9,0x31,0xfd,0x39,0xbe,0xe1,0xbe,0xf4,0x50,0x3b,0xe7,
  0xdb,0x98,0x33,0x29,0xb8,0xed,0xa5,0x16,0x6a,0x6f,0xbd,0x9d,0xa9,0xc4,0xd2,0xf7,
  0x5e,0x60,0x8b,0xe8,0x6f,0x3d,0xd,0x61,0xf,0x85,0x23,0xdf,0x4f,0x1b,0x8d,0x13,
  0x49,0x1c,0xf4,0x73,0x3,0xc1,0x43,0xe7,0xfb,0xc8,0xb,0x3e,0xbc,0xe2,0x5c,0x36,
  0x82,0x31,0x57,0x70,0x97,0x8,0x79,0x3,0x1f,0x4,0x65,0x16,0x9a,0xf9,0x42,0x10,
  0x26,0xc3,0xf5,0xfb,0x48,0x3b,0x61,0x33,0xce,0x98,0xaf,0x85,0xb3,0xcf,0xa8,0x43,
  0x44,0x24,0x2d,0x90,0xc8,0x24,0x11,0x57,0xd8,0xde,0x47,0x3d,0xc3,0x88,0x47,0x85,
  0xcf,0x18,0xc8,0xda,0x47,0x52,0xf8,0x64,0x3d,0x4a,0x5c,0x82,0x65,0x66,0x90,0xb3,
  0x33,0x41,0x2d,0x8b,0x8,0x92,0xd2,0x4d,0x4f,0xa9,0x81,0xe,0xd0,0x35,0x65,0x73,
  0x7e,0xad,0x5b,0x44,0x4e,0x89,0x4d,0x66,0x92,0xcc,0xd5,0x27,0xca,0x59,0x38,0xa3,
  0xd9,0xa,0x24,0xde,0x85,0x5a,0x8e,0xb9,0xed,0x3b,0x2c,0xf4,0x64,0x42,0x59,0xcc,
  0x66,0xb,0x2e,0x3c,0xfd,0x82,0xda,0xa0,0xb0,0x8b,0xd5,0x6,0xc3,0x78,0xd4,0xc1,
  0xc2,0xa2,0xc,0x4c,0x6e,0xf7,0x86,0xc8,0x73,0xf1,0x2c,0xb0,0xa0,0xdd,0x6f,0xc4,
  0xeb,0x77,0x76,0xd0,0x84,0x3d,0x95,0xcb,0x3f,0xe5,0x5a,0xff,0x57,0xfc,0x7a,0x63,
  0x1f,0xf5,0x84,0x83,0xc1,0x56,0xaf,0xe9,0x5c,0x2e,0x42,0xb3,0x93,0x82,0x8d,0xd4,
  0xfc,0x57,0x60,0x13,0x66,0x96,0x4d,0x32,0x72,0xd4,0x73,0x1d,0xa,0xe8,0xf4,0x87,
  0x68,0x41,0xa8,0xb5,0x90,0xe1,0x6f,0x81,0xe7,0x54,0x85,0xa8,0x3d,0x18,0xa2,0x19,
  0xb7,0xb9,0x80,0x68,0x3d,0x3a,0xee,0xa9,0x3f,0x6d,0x43,0xc6,0x19,0x79,0xf,0x2a,
  0xc6,0xc6,0xce,0x88,0xa,0xdc,0x9,0x5b,0xbb,0x41,0xc2,0x4,0x10,0xf0,0xe1,0xd7,
  0xdf,0xb5,0x21,0xba,0x0,0xa0,0xe9,0x2e,0x7d,0x4f,0xec,0x29,0xbd,0x25,0xca,0xb,
  0x89,0x2d,0x7a,0xdd,0xfe,0x64,0x77,0xa4,0x81,0xb3,0xb3,0x9b,0x9c,0x72,0xdf,0x23,
  0x23,0x41,0x70,0x62,0xa7,0xb4,0xb3,0x39,0x1b,0xdb,0x80,0xe4,0x28,0xd8,0xb3,0xcb,
  0x9f,0x28,0xb9,0xd6,0x5d,0xee,0x36,0x5b,0x19,0x71,0xe9,0xb7,0x48,0xfb,0x48,0xc7,
  0xa9,0x4f,0xaf,0x28,0x22,0xc,0xde,0x1d,0xd7,0x43,0x62,0x79,0x4f,0xec,0x1c,0xa5,
  0x4d,0x23,0x1a,0x3b,0xe7,0xf6,0x7c,0xe5,0xff,0xd8,0xa,0xb3,0xdf,0x31,0x3b,0x83,
  0xa4,0x15,0x77,0xa9,0x48,0x1f,0x62,0xc0,0xf0,0xf2,0xf,0x41,0x42,0x54,0xca,0x46,
  0x55,0xa4,0xf2,0x23,0x9e,0x9a,0xb2,0x8a,0x5e,0xdb,0x30,0xd6,0xe1,0x33,0xd3,0x40,
  0x88,0x14,0x5c,0xe5,0xaf,0x1e,0xe6,0xc4,0xa1,0x35,0x56,0xe3,0xcd,0x54,0x5a,0xb4,
  0x52,0xb,0xcf,0xb9,0x98,0x13,0xa1,0x17,0xac,0xf,0x3e,0xd6,0x95,0x11,0x1,0xae,
  0xdd,0x48,0x43,0xb4,0x0,0xea,0xc9,0xd4,0xda,0xc4,0x55,0x6e,0x26,0xd5,0x41,0x7d,
  0x2,0xf9,0xbd,0x4,0xf2,0x7b,0x9,0xe4,0x9b,0x83,0xdc,0x55,0x91,0xb,0x5e,0x4a,
  0x7d,0x8e,0xc5,0x25,0x11,0xcd,0x5a,0xce,0x7c,0x2,0x25,0xd7,0x18,0xb4,0x72,0x25,
  0xd6,0xcc,0x9e,0xcc,0x3e,0x27,0x50,0x39,0x33,0x9b,0xe4,0xa0,0xb4,0x9f,0x93,0x48,
  0x77,0x9b,0xae,0x2a,0xa8,0x69,0xc9,0x27,0x76,0x75,0xb7,0xc4,0x88,0xdc,0x4f,0xea,
  0x9,0x4d,0x48,0xa9,0xab,0x4b,0xfe,0xa3,0xb,0xa7,0xc3,0x18,0x7b,0xa4,0xd9,0x2a,
  0x5c,0x59,0x23,0xf1,0xa,0xd7,0xe6,0xc3,0xb5,0x12,0xa8,0x1b,0xdb,0xdb,0x44,0x42,
  0x48,0xa6,0x31,0xd8,0x72,0x67,0xdf,0x95,0x5,0x37,0xb4,0x3f,0x3a,0x67,0xf0,0x4c,
  0xd2,0x2b,0x12,0x1d,0x31,0x39,0xf5,0xb0,0x93,0xa8,0x24,0xbb,0x83,0x3d,0x63,0x6f,
  0xac,0xe5,0x86,0x31,0xff,0x2d,0x53,0x69,0x20,0xa2,0x9c,0x21,0x1b,0xd0,0x45,0xc4,
  0xe,0x16,0x42,0x1d,0x30,0x22,0x9e,0x31,0x72,0xdd,0x43,0x5f,0xaa,0x19,0xe9,0xd8,
  0xa9,0xc3,0x5c,0x72,0xb,0x92,0xe7,0x50,0xb2,0xc6,0x66,0x24,0x63,0x97,0x9e,0x7,
  0xab,0x95,0x95,0x65,0x1e,0xa5,0xde,0xb,0x41,0xe1,0xc,0xbc,0xd9,0x58,0x19,0x8d,
  0x97,0x2d,0xae,0x51,0xfb,0x12,0x95,0x7f,0x13,0x83,0x57,0x58,0x20,0xc6,0xfd,0x2b,
  0x62,0x4f,0x40,0x3a,0x1c,0xf7,0x17,0xd8,0xf6,0xc8,0xb0,0xb1,0x19,0x6a,0x81,0x9a,
  0x6a,0x32,0x85,0x39,0x80,0x32,0x8a,0xbe,0x9,0xca,0x33,0x4,0xc9,0x3b,0xe5,0x73,
  0x8,0xf,0xf7,0xc5,0x8c,0x40,0x11,0xf4,0x55,0x56,0xd2,0xc7,0x8f,0x5b,0x5,0x88,
  0xf,0x84,0x28,0x66,0x74,0x90,0x2b,0x0,0x78,0x46,0x93,0xb6,0x86,0xb9,0x4b,0xe9,
  0x5,0x6a,0xaa,0xa5,0x3a,0xc3,0xe,0x41,0x7,0x7,0x7,0xb9,0xa0,0x69,0x95,0xa4,
  0x5a,0x2c,0xc1,0x8b,0xe8,0xd,0xc8,0xd0,0x26,0xc,0x8d,0x17,0xc0,0x41,0x88,0x56,
  0xb6,0x74,0xb5,0x3c,0x8e,0xd1,0x15,0x11,0xf4,0x82,0x2,0xf4,0x89,0xe7,0x29,0x2b,
  0x9a,0xad,0xaa,0xe5,0x41,0xa9,0xc8,0xb1,0xd9,0x23,0xf2,0x45,0x44,0x6,0x9b,0xf4,
  0x9,0xd2,0x42,0xe5,0x34,0xf8,0x5,0xc3,0x96,0xc0,0x8e,0xb3,0xbc,0xd7,0xa,0x7c,
  0x12,0x23,0x1b,0x11,0x8,0xdc,0x27,0x57,0xe0,0x88,0x7a,0x2e,0x67,0xf4,0xdc,0x26,
  0x55,0xa,0x84,0xa7,0x46,0x10,0xe,0x2f,0xf4,0xc8,0x91,0x2f,0x42,0xa2,0x48,0xa0,
  0x1c,0xcf,0xbd,0x0,0x38,0xe5,0x36,0x94,0x7e,0xad,0x3,0xd3,0xad,0xbc,0xb1,0x9d,
  0x27,0x12,0x28,0x19,0xd6,0xd7,0x33,0xe0,0x3e,0x8d,0xed,0xc,0xae,0x2a,0x67,0x61,
  0xf5,0x76,0x9c,0x89,0xe7,0x2a,0xee,0x3c,0x5b,0x90,0x63,0xe,0xba,0x93,0xe6,0x7a,
  0xe7,0x8c,0x8a,0x45,0x5,0x70,0x8c,0x85,0x24,0x68,0xe,0x6d,0x6,0x30,0x39,0x4f,
  0x11,0xbb,0x59,0x60,0xe2,0x3,0x29,0xd7,0x30,0x39,0xfe,0x2c,0xa2,0xd,0x57,0xd4,
  0x53,0xf0,0x49,0x97,0x3c,0xc7,0x85,0x92,0x44,0xe5,0x6a,0x8e,0x69,0xa4,0xa9,0xd8,
  0x9a,0xa1,0xad,0xab,0xfd,0xf5,0x2,0x12,0x17,0xc8,0x66,0x9a,0x6d,0x69,0x8f,0x26,
  0xc1,0xb3,0xfe,0x10,0x53,0xa8,0x54,0xd1,0x9,0x95,0xc8,0x9c,0xb2,0xd9,0xf4,0x6f,
  0x14,0x35,0x6,0x15,0xd,0x8c,0xe4,0xee,0x69,0xd0,0xc3,0x40,0x7b,0xb0,0xe6,0x48,
  0xe1,0x2c,0x3d,0x7c,0x4d,0x9c,0x5a,0x46,0xf0,0x80,0xc2,0x5c,0x9d,0x99,0x12,0xca,
  0xbe,0xa1,0x1b,0xdd,0x21,0xba,0xdd,0x47,0x4f,0xdb,0x59,0x2,0x52,0x41,0x3e,0x6a,
  0x36,0x56,0x66,0xb7,0x82,0xe,0xa6,0x69,0x3e,0x24,0x2e,0xe0,0x1,0x2d,0xef,0xa1,
  0x9a,0xdb,0xf0,0x4b,0x8b,0x3,0x8b,0x6d,0x6a,0x31,0x7,0x36,0x9,0x48,0xde,0x48,
  0xbd,0x3d,0x1b,0x7,0x9c,0x2c,0x61,0xe0,0x9e,0x31,0xea,0x8e,0x26,0x79,0xcd,0x4c,
  0x27,0x8f,0x5f,0x95,0xb0,0xa3,0xcc,0x79,0xa,0x87,0x90,0x83,0x61,0xaf,0x33,0xd5,
  0x7d,0x34,0x4b,0x8b,0x4d,0x3e,0x69,0xc9,0x2a,0xd4,0x33,0x6b,0x34,0x2a,0xb9,0x92,
  0x2a,0xfd,0x51,0x87,0x59,0x56,0x91,0xf0,0xa2,0x2c,0x5b,0x31,0xf2,0x4,0x21,0xef,
  0xd4,0xe8,0x44,0xeb,0x6c,0x99,0xe0,0xfe,0xa7,0x58,0x2e,0x74,0x87,0xb2,0x66,0x4,
  0xe4,0x60,0xf8,0x9,0xca,0xf8,0x7d,0xc2,0x88,0xb0,0x6e,0x7e,0xb8,0x5e,0xa0,0x1d,
  0xd4,0x7,0x20,0xb7,0xd0,0xd7,0x28,0xb9,0xa0,0x98,0x3d,0xae,0xac,0x88,0x66,0x87,
  0xaf,0x5,0xe9,0x53,0x28,0xc4,0x52,0xdf,0x3,0xff,0x7f,0x17,0xfd,0xaa,0x28,0xfa,
  0x5c,0xa8,0x49,0x1,0x54,0xd6,0x6b,0xf4,0x67,0x30,0x7c,0xb,0x40,0xc0,0x76,0xe9,
  0xe2,0xd5,0xfc,0x29,0x64,0x3c,0xa4,0x8b,0xcb,0x3d,0x1a,0xa,0x2,0xc3,0x13,0x1,
  0xe8,0x9a,0x23,0x15,0x80,0x8a,0xf3,0xac,0x50,0x58,0x3b,0x25,0xac,0x3d,0x19,0xc,
  0x26,0xa5,0xc2,0xea,0x9f,0x22,0x65,0x8,0xac,0x44,0x5b,0x3b,0xa1,0x54,0x54,0x74,
  0x73,0x45,0x96,0x34,0xab,0x35,0x19,0xeb,0x36,0x60,0xad,0xd2,0x7a,0x37,0xd1,0xf0,
  0xb7,0xbb,0x49,0x13,0x6,0xc7,0xbd,0xc9,0x9e,0x56,0x28,0xb8,0x46,0xdb,0xb7,0x45,
  0xf,0xde,0x2d,0x15,0x90,0x2e,0xbf,0xcb,0xdf,0x54,0x4e,0x51,0x55,0x76,0x63,0x6d,
  0x3b,0x0,0x82,0xce,0x38,0xaf,0xa6,0xb6,0x73,0x4a,0x58,0x65,0x75,0xaa,0x80,0x66,
  0x5e,0x63,0x96,0xcd,0x77,0x38,0xf5,0x8e,0x41,0x8d,0x79,0xd3,0x6c,0xa1,0xc7,0x48,
  0x43,0x97,0xaf,0x17,0x5a,0x8e,0x2a,0x1b,0xfa,0xee,0x26,0x2b,0xec,0x64,0xf7,0xa8,
  0x63,0x6a,0x1f,0xa7,0xf0,0xdd,0x16,0x1d,0x67,0x78,0x25,0xbb,0xaa,0x70,0x6d,0xa3,
  0x60,0xda,0xe7,0x5,0x5e,0xe7,0xd8,0x3c,0x3e,0xfa,0x12,0x81,0x37,0xe6,0xcb,0xbf,
  0x25,0x22,0x9e,0xa4,0xaa,0xe1,0x48,0xd6,0xa0,0x5e,0xbf,0x37,0x36,0xbe,0x0,0xf4,
  0x8d,0xb9,0x27,0x27,0xbe,0xe0,0x59,0xf0,0x7d,0xf8,0xe5,0xaf,0xad,0xc1,0x17,0x15,
  0xd6,0x7f,0x7,0x7c,0x39,0x85,0x32,0xc2,0x62,0xe,0x65,0x56,0xca,0xd7,0xbc,0xc2,
  0x38,0x5,0xbf,0x60,0x8b,0xa0,0x77,0x3e,0x66,0x73,0x88,0xfe,0x7f,0x48,0xe2,0xa3,
  0x39,0xe8,0x5b,0x45,0xe7,0x11,0x9c,0x89,0x75,0x18,0xf8,0x57,0x19,0x6,0xfe,0xc9,
  0xbb,0x80,0xff,0x2d,0xa5,0x2f,0xbb,0xd0,0x35,0x1f,0x7c,0xa1,0xdb,0xef,0x26,0xe8,
  0x63,0x37,0xc1,0x1f,0xcd,0x46,0xfd,0x4b,0xc2,0x1a,0x77,0xe2,0xf,0xe7,0xc9,0x9f,
  0xf9,0xd6,0xb7,0x63,0xd4,0xcb,0xce,0xfa,0x5d,0x49,0xb8,0x79,0x94,0x88,0x75,0x7c,
  0xb2,0x51,0x95,0x7a,0xf5,0x6e,0x6d,0x3f,0xf2,0xc6,0xf6,0x93,0xb4,0x2c,0x95,0x6e,
  0xd1,0x46,0xae,0xeb,0xdf,0x90,0x5b,0xe4,0xf9,0x2,0xbd,0xd1,0x9e,0x7,0x77,0xab,
  0xc8,0xc6,0x51,0x51,0x7a,0xa3,0xbd,0x61,0x2e,0x87,0x4f,0xf3,0xe5,0x3d,0xb4,0xa7,
  0x82,0x8,0xad,0x9e,0x8f,0xcc,0x44,0xba,0x1d,0x1a,0x87,0x93,0x71,0x41,0x83,0xb3,
  0x88,0x99,0xfc,0x68,0x6d,0xa8,0xd2,0xba,0x1a,0x75,0xf,0x71,0x50,0x51,0x8d,0xe,
  0xff,0xdf,0x35,0xfe,0x1,0x2e,0xca,0x38,0xf0,
    // SessionsPage.qml
  0x0,0x0,0xb,0xc8,
  0x0,
  0x0,0x3d,0xd9,0x78,0xda,0xcd,0x1b,0xdb,0x6e,0xdb,0xc8,0xf5,0x5d,0x5f,0x31,0xe5,
  0xbe,0x48,0xb0,0xc3,0x90,0x92,0xec,0x28,0x56,0xdd,0x85,0xec,0xc8,0x89,0x17,0xc9,
  0x36,0x89,0x82,0xf4,0x21,0xcd,0x3,0x2d,0x8d,0xa5,0x49,0x28,0x92,0x18,0xe,0xed,
  0xd8,0x81,0x1f,0x77,0x81,0x3e,0xf5,0xb2,0x28,0x16,0x28,0xa,0xe4,0x39,0xfd,0x82,
  0xbe,0xe7,0x4f,0xf2,0x3,0xcd,0x27,0xf4,0xc,0x39,0x24,0x87,0xf7,0xa1,0x2c,0x17,
  0x55,0x80,0x50,0x1e,0xce,0x39,0x33,0xe7,0xcc,0xb9,0x9f,0x11,0x59,0x7b,0x2e,0x65,
  0xe8,0x5,0x7b,0x11,0x90,0xf9,0x7b,0xd4,0xd7,0xcd,0xbd,0xe,0xc9,0x8c,0xe9,0x4f,
  0xad,0x2b,0x37,0x60,0x3e,0x32,0x4b,0xde,0x1d,0xbb,0xe,0xa3,0xae,0xed,0x67,0x0,
  0xb5,0x77,0xfe,0xfd,0x19,0xf6,0x7d,0xe2,0x3a,0xcf,0xad,0x25,0xd6,0xdf,0xf9,0x1a,
  0xb2,0x7c,0x24,0x86,0xfc,0x1f,0x66,0x9d,0xce,0x29,0xc3,0x6b,0xf4,0xb1,0x83,0xe0,
  0x43,0x16,0x7,0xc8,0x17,0xaf,0x5e,0xba,0x2e,0xeb,0x84,0xa3,0xc7,0x2e,0xe0,0x72,
  0xb0,0xc3,0x74,0xd7,0xe1,0xdf,0x6d,0xcc,0x30,0x4c,0x8c,0x40,0xf8,0x67,0xe,0xd3,
  0x5d,0x1b,0xeb,0xb6,0xbb,0xec,0x6a,0x6f,0x66,0xd3,0xd9,0xec,0xf4,0xf7,0x3f,0xce,
  0xde,0xa2,0x23,0x97,0x3a,0x18,0x59,0x73,0x46,0x2e,0x30,0x3a,0x40,0x1a,0xda,0x41,
  0x97,0xc4,0x59,0xb8,0x97,0x7a,0x34,0x36,0x63,0x16,0x83,0xa5,0x7a,0xe3,0x10,0xd3,
  0x4d,0xb4,0x9a,0x47,0x5d,0xf,0x53,0x76,0x85,0x88,0xc3,0x10,0x5e,0x10,0x46,0x9c,
  0xe5,0xa9,0xb3,0xc0,0x1f,0xe,0xd0,0x3d,0xb3,0x38,0x43,0x6c,0xf7,0x74,0x31,0x99,
  0x5,0x9e,0x47,0xc9,0x1a,0xd3,0xf2,0x89,0x62,0xc9,0x68,0xfa,0xb1,0x1b,0x38,0x4c,
  0x26,0xe1,0xc2,0xa2,0x40,0x6,0xc,0xa2,0x43,0x64,0x8c,0x93,0xe1,0x73,0x97,0xa2,
  0x2e,0x7f,0x47,0xc2,0x71,0x78,0xfc,0x36,0x61,0xd0,0x33,0x77,0x81,0x6d,0x3d,0x4,
  0x82,0x17,0x3b,0x3b,0x3d,0x9,0x5d,0xc8,0xcc,0x73,0xd4,0xcd,0xce,0x5d,0x62,0xd6,
  0x25,0x3d,0xdd,0x8f,0xc8,0x46,0x87,0x87,0x87,0xe5,0xfc,0x40,0x1f,0xa3,0xbd,0xec,
  0xec,0x8c,0x81,0x2b,0x31,0xbe,0xf4,0x1b,0xc5,0x2c,0xa0,0x4e,0x34,0x27,0xc3,0xbb,
  0xf3,0xc0,0x99,0x87,0xa8,0xfd,0x95,0x7b,0xf9,0xca,0xb5,0x7c,0xd6,0x5d,0xfb,0x4b,
  0x79,0x63,0x8c,0xf,0xbe,0xc2,0x1f,0x98,0xce,0xe0,0x3f,0x20,0xa,0xde,0x8f,0xb3,
  0x6f,0x75,0xd7,0xb3,0xe6,0x4,0xb8,0x76,0x88,0xcc,0xdc,0xab,0x57,0x9c,0xbd,0x3a,
  0xc5,0x40,0x1,0x65,0xdd,0xec,0xb9,0x1d,0xbb,0x76,0xb0,0x76,0x22,0x1,0x95,0x16,
  0xb4,0x9c,0xf9,0xca,0xa5,0xbe,0x7e,0x4e,0x6c,0xfb,0x0,0x79,0x16,0xc5,0x9c,0x5d,
  0xf1,0xe8,0xda,0xa2,0x4b,0xe2,0xf8,0x7,0xc8,0xdc,0x1b,0x23,0x9f,0xaf,0xeb,0x2c,
  0xe1,0x8f,0x61,0x27,0x81,0xbf,0x7f,0x1f,0x4d,0x9d,0x7b,0xec,0xcb,0xbf,0x18,0x4e,
  0xc6,0x5e,0xba,0x97,0x85,0x75,0xf8,0x27,0x1a,0xc,0x97,0xfa,0x3,0x59,0xb0,0xd5,
  0x1,0x62,0x34,0xc0,0x32,0x62,0xa3,0x93,0x1,0x78,0x89,0xe7,0xcc,0x72,0x96,0x36,
  0xce,0x21,0xe2,0x9f,0xcb,0x8,0xc3,0x60,0x7f,0x8c,0x56,0x98,0x2c,0x57,0x2c,0xfa,
  0x4e,0xad,0x5,0x9,0xf8,0x86,0x47,0x63,0x38,0x0,0xdb,0x5,0x69,0xd3,0xbe,0x3b,
  0xd9,0xe3,0xff,0xb4,0x2,0xe,0xce,0x68,0x38,0xcc,0x98,0xda,0x39,0xd0,0x8e,0xe9,
  0xa9,0x93,0xf2,0x81,0x1f,0x2,0x20,0xf8,0xfa,0xf3,0x5f,0xb4,0x31,0x8,0x1b,0xa8,
  0x98,0x47,0x3e,0x60,0x7b,0x46,0xae,0x31,0x2c,0xb1,0x2f,0x2d,0xb1,0x37,0xdc,0x9f,
  0x3e,0x98,0x68,0x92,0x14,0xc4,0x9f,0x67,0x6e,0xe0,0xe3,0x9,0xc5,0x96,0xb4,0x52,
  0x96,0xdb,0x20,0xef,0x36,0x58,0x8,0xae,0xb4,0x70,0x72,0xf3,0xf7,0xaf,0x9,0xbe,
  0xd4,0x3d,0xd7,0xeb,0xf6,0x72,0xe8,0x6e,0xb2,0xec,0x11,0xdb,0x17,0x9b,0x7c,0x86,
  0x53,0xbb,0x51,0xb2,0xdb,0xbe,0x21,0xc6,0xce,0x5c,0x7b,0x11,0x73,0x3e,0xd9,0x7e,
  0x7f,0x7f,0xd0,0x1f,0x8c,0xb4,0xfc,0xa,0x91,0xed,0xa9,0x38,0xb8,0xfc,0x64,0x85,
  0xd3,0xea,0x8f,0xd2,0xd3,0xe2,0xdf,0x93,0xd3,0x1a,0x16,0x20,0xc4,0xd6,0x8a,0xa8,
  0xf2,0xba,0xcb,0xd,0xa1,0x5e,0xb4,0x1e,0xe8,0x77,0xc8,0xe0,0x9a,0x2a,0x94,0x51,
  0xfb,0x6e,0x3a,0x38,0xe9,0x9f,0x3c,0xd2,0xc6,0x25,0x47,0x24,0x29,0x6d,0x22,0x2c,
  0xe3,0xc2,0xac,0x9b,0xa,0xf9,0x29,0x45,0x57,0x25,0x53,0xa5,0x93,0xa3,0x13,0x6c,
  0x20,0xa8,0x14,0xb2,0x20,0x93,0x83,0xc2,0x29,0x97,0xc2,0xd5,0x72,0x77,0x53,0xe,
  0x9b,0xd3,0xd1,0x68,0xba,0x57,0xc9,0xe1,0xc,0x97,0x8f,0x8c,0xa3,0xe9,0x71,0x19,
  0x97,0xcb,0x39,0x9d,0xd7,0x83,0x12,0x8d,0x98,0x78,0xde,0x51,0xc0,0x18,0x58,0xd7,
  0x2c,0x55,0x42,0x3d,0x76,0xd0,0x73,0xea,0x2e,0xa9,0xb5,0x6,0x13,0x89,0x2,0xf0,
  0x7b,0xf3,0x15,0x18,0x37,0xc,0xbb,0x2d,0x97,0xee,0xc,0xe,0x49,0x43,0x8b,0x2c,
  0xcb,0xb0,0x49,0xf6,0x88,0x60,0xa1,0xef,0x99,0xe3,0x12,0x5d,0x8,0x7d,0xca,0x99,
  0xeb,0xbe,0x87,0x99,0x8f,0xac,0x2b,0x1f,0x26,0x6a,0x5a,0xd3,0xc4,0x19,0x37,0xea,
  0x4a,0x33,0xa7,0xce,0xa2,0x62,0x9e,0x64,0x5e,0x2,0x7f,0xd5,0xf5,0xe7,0x2b,0xbc,
  0x8,0x6c,0x70,0x6c,0xd8,0xdb,0xad,0x11,0x6,0xe9,0xa3,0x81,0x45,0xf0,0xf8,0x9e,
  0x9f,0x12,0x9f,0x69,0x7,0xe8,0xcd,0xdb,0x5d,0x25,0x30,0xe2,0x0,0x5f,0x2c,0x3b,
  0x24,0x2,0xc0,0x34,0x63,0x74,0x60,0x18,0x5a,0x2b,0x58,0x20,0x8b,0x43,0x9a,0xf,
  0x38,0x64,0x13,0xe0,0x4d,0x6f,0xdc,0x2c,0x32,0xe0,0xbc,0xbe,0xfc,0x9,0x9c,0x3a,
  0xba,0x20,0x8b,0xf4,0xc0,0xa5,0x80,0xab,0xc9,0x73,0x49,0xe3,0x4f,0x84,0x59,0x2b,
  0xc8,0xce,0x5,0xf1,0xc9,0x99,0x8d,0x1b,0xf5,0x3b,0x8c,0x37,0x72,0xe,0xb0,0xc2,
  0x69,0x37,0x19,0x19,0xd9,0xa5,0xf6,0x3b,0x5,0xb0,0x3a,0x43,0x2d,0x19,0xeb,0xfd,
  0x61,0x6a,0xac,0xf9,0xf7,0xd8,0x58,0xf,0xfa,0xa,0xae,0x55,0xe2,0x9a,0x65,0x93,
  0xa5,0xb3,0xc6,0x3c,0xa0,0x7b,0xc1,0xf4,0x9,0xff,0xeb,0xc9,0x71,0xb8,0xe3,0x52,
  0x28,0x55,0xa7,0xfc,0xed,0xd3,0x2f,0x3f,0x95,0xf9,0xb9,0x51,0xa9,0xf9,0x68,0x63,
  0xbb,0xc5,0x2,0x93,0x60,0xce,0xed,0x84,0x38,0x36,0x1e,0xad,0x86,0xe6,0xe3,0xcb,
  0x67,0xac,0xa9,0xd9,0xe2,0xbd,0x3a,0x8f,0xfb,0xd0,0x98,0xc,0x27,0xd3,0x6d,0x31,
  0x6e,0x33,0x2,0x3d,0x2f,0xb8,0xc2,0xd7,0xc8,0xf,0x28,0x2,0x61,0x38,0x83,0x35,
  0x81,0xce,0x39,0xb9,0xb7,0x0,0x92,0x3,0xff,0x8f,0x8e,0xe7,0xc2,0x1b,0xaf,0xd4,
  0x6c,0xaa,0x71,0x40,0x96,0x14,0x61,0xf1,0x4b,0x1,0xe1,0xa4,0xc9,0x35,0x0,0x5b,
  0xf6,0x24,0xa5,0x39,0xc,0x83,0x1b,0xc5,0x65,0x13,0x5e,0x35,0x1a,0x6,0x6e,0xdc,
  0xb8,0x99,0xcc,0xa7,0xc,0x69,0xfe,0xc5,0x67,0x6c,0xcd,0x44,0xcc,0x6d,0xe2,0x95,
  0x5,0xc3,0x1b,0x99,0x11,0xf0,0xca,0x19,0xc0,0x35,0xcf,0x6d,0xe,0xb2,0x69,0x51,
  0x56,0x5a,0x60,0x0,0x2f,0x2d,0x6,0xb8,0x4b,0x4c,0x9f,0x64,0x10,0x24,0xd2,0xf5,
  0x70,0xa8,0x30,0x31,0xc9,0xe8,0xc0,0x13,0xd9,0x88,0xf8,0x8f,0x5d,0x77,0x21,0xb2,
  0xa6,0x30,0xb6,0xad,0xcd,0xab,0xa,0xd8,0x62,0xe3,0x93,0xc1,0x83,0xbe,0x47,0xa6,
  0x69,0x40,0xba,0x6a,0x14,0xe6,0x27,0x2c,0xca,0x0,0x6c,0x6c,0xff,0x22,0x7b,0x13,
  0x51,0x9a,0x5a,0x42,0xd3,0x30,0x6a,0xe3,0x56,0x29,0xba,0xd2,0x2e,0x57,0x84,0xf1,
  0x8,0xe3,0xcc,0xa5,0xb,0x48,0xcc,0x12,0x55,0x48,0x42,0x51,0xf1,0x22,0x8e,0x8e,
  0x3b,0xa5,0xd8,0x9a,0xb6,0xdb,0x9c,0xc6,0x31,0xd7,0x7b,0x16,0x66,0x72,0x60,0xbc,
  0xab,0x43,0x33,0x41,0x93,0x20,0x3b,0xfa,0x53,0xd2,0x5f,0x23,0xfc,0xc0,0xa6,0x45,
  0xfe,0x9,0x27,0xa0,0x1b,0xe0,0x16,0xae,0x93,0x7c,0x5e,0xc1,0x28,0xe5,0x12,0xa2,
  0x56,0xf4,0x54,0x4e,0xae,0x8d,0xce,0x54,0x23,0x35,0xc2,0x9f,0xe3,0x7a,0xf0,0x5b,
  0x47,0x4f,0x75,0x91,0xd4,0x2,0xbe,0xea,0xbe,0x67,0x13,0xd6,0xd5,0x76,0x91,0xd6,
  0xdb,0x6d,0x8d,0x30,0x17,0x63,0x85,0x55,0x80,0x8d,0xb1,0x44,0xd1,0x16,0x76,0x16,
  0x3a,0xc5,0x9e,0x6d,0xcd,0x71,0x57,0x43,0x5d,0x1b,0xfe,0xc6,0x6b,0x8b,0x38,0x3d,
  0xbe,0x45,0xad,0xd7,0x6,0x79,0x3e,0x22,0xab,0xf,0xf8,0x6b,0xe4,0xa7,0xaa,0xbc,
  0xa0,0xae,0xf,0x36,0x3e,0x67,0xb1,0x42,0x98,0xc3,0x74,0x9c,0x72,0x15,0x4f,0x5e,
  0x18,0xd,0x61,0x54,0x89,0x7e,0xc6,0xa6,0x43,0x8e,0x9c,0x24,0x73,0x21,0xbb,0xc3,
  0x24,0x59,0xaa,0x76,0x60,0xaf,0x23,0x7,0x56,0xc5,0x7,0x85,0x0,0xb1,0x55,0xf5,
  0x65,0x50,0xb,0x9e,0x29,0x36,0x5c,0xe0,0x15,0x99,0xdb,0xb8,0x24,0xbe,0x29,0x84,
  0x0,0xc3,0xd2,0x2a,0x83,0xf2,0x4a,0x5c,0x2b,0xca,0xb8,0x56,0x16,0x6a,0xe4,0x36,
  0xd3,0xb0,0x8c,0x8a,0x18,0x25,0x9a,0x1f,0xf3,0x68,0xd8,0x38,0x35,0x5b,0x94,0xf9,
  0xf6,0xe9,0xef,0xa5,0xa5,0x23,0xa3,0x61,0x73,0x5,0x4c,0xa1,0x32,0xa3,0x1d,0xa4,
  0xa1,0xaf,0x3f,0xff,0x2d,0x2c,0xd5,0x82,0x2a,0x4a,0x8c,0x79,0x30,0x7a,0x68,0x3c,
  0x3c,0x2e,0x5b,0xca,0x6c,0x58,0xea,0xa6,0x46,0x2b,0x55,0x64,0xbe,0x16,0x79,0x5c,
  0xa5,0x93,0x14,0x62,0x20,0xa5,0x12,0xe6,0x3,0x39,0x95,0x38,0x99,0x1e,0x4d,0xa7,
  0x9a,0x8a,0x10,0x57,0x2b,0x4b,0x47,0x41,0xb4,0x1a,0x39,0xaf,0x90,0x7b,0xfc,0xfa,
  0xd7,0xff,0xfc,0xfb,0xcf,0x8d,0x59,0x68,0x4a,0xdc,0x74,0x6f,0xf0,0x70,0x50,0x2a,
  0xb8,0x43,0xb5,0x8a,0x8d,0xc2,0xa1,0xa8,0x3a,0xd7,0x7a,0x23,0x79,0xcd,0x3,0x91,
  0x26,0x50,0x65,0x97,0x5b,0xea,0x7a,0x4b,0x9a,0x2,0xe0,0x81,0x93,0xd1,0xb1,0x12,
  0xc6,0xb9,0xeb,0x9c,0x13,0xba,0x7e,0xee,0x7a,0x81,0xa7,0x8b,0xd0,0xf,0xb0,0x84,
  0x66,0xa8,0x11,0xc1,0xe6,0x2a,0xb1,0xb5,0x7a,0x55,0xd2,0xb6,0x29,0x4b,0x32,0xa4,
  0xd0,0xa2,0xa4,0x20,0x5b,0x58,0x4e,0x86,0xe1,0x7d,0x24,0x3e,0xad,0x53,0x1d,0x9d,
  0xf3,0x8e,0x89,0x1c,0x7d,0xf0,0x32,0x4e,0xf5,0x6c,0x9f,0x51,0xb0,0x7d,0x48,0x8e,
  0x2e,0x92,0x2,0x8e,0x2a,0x14,0x44,0x13,0xd5,0xa5,0x9b,0xec,0xbe,0x40,0x1a,0xc2,
  0x1c,0xe5,0x91,0xc5,0x2c,0xd8,0x98,0x66,0x18,0x61,0xa5,0x48,0x33,0x4c,0xf1,0xec,
  0x8b,0xe7,0x40,0x3c,0x87,0xe2,0xb9,0x57,0x5d,0x51,0xd2,0x8c,0x7d,0x31,0xe9,0x81,
  0x78,0x8e,0xc4,0xf3,0x61,0xf4,0x34,0xc5,0x22,0xa6,0x59,0x83,0xc4,0x14,0x2b,0x9b,
  0x62,0x65,0x53,0xac,0x6c,0xee,0x89,0xa7,0x58,0x24,0x22,0xb3,0xa,0x89,0x58,0xd9,
  0x14,0x2b,0xf7,0xc5,0xca,0x7d,0x41,0x5e,0x5f,0x2c,0xd2,0xf,0x17,0x79,0x5b,0x3c,
  0xc5,0xc6,0x76,0x5f,0x46,0xed,0x78,0x4b,0x48,0x9f,0x7,0x94,0xeb,0x76,0x1c,0xea,
  0xa6,0xdd,0x45,0x50,0x7d,0x67,0x11,0xe,0x9f,0x3a,0x13,0x4a,0xad,0xab,0x6e,0x86,
  0xfd,0xbb,0x99,0x43,0xaf,0x88,0xdf,0xf0,0x76,0x96,0x0,0x9,0xe9,0x8d,0x55,0xea,
  0x1a,0x49,0x13,0x8d,0xb9,0x4b,0x70,0x40,0x20,0xc3,0x5d,0x8,0x12,0x66,0x8c,0xf6,
  0x2a,0xab,0x1d,0xa9,0xa4,0x67,0xb7,0x96,0x62,0x90,0xe7,0xec,0x22,0x81,0xaf,0xdd,
  0x76,0x88,0xf,0x8,0x66,0x90,0x4a,0xcf,0xe1,0x3c,0x1a,0xb6,0x24,0xca,0xe0,0xd2,
  0x56,0xb2,0xd0,0x5b,0xd8,0xce,0x12,0x33,0x8e,0x61,0x16,0xaa,0x61,0x57,0x7d,0x23,
  0x59,0x38,0x79,0x23,0x6a,0x1b,0x50,0x88,0x48,0x15,0x7b,0x8e,0x7d,0x39,0x0,0xef,
  0x1b,0x9d,0xce,0x6,0x1e,0x3d,0xf2,0xd7,0xf5,0x2e,0xaa,0xd0,0xea,0xc8,0x66,0x86,
  0x87,0xbc,0x8a,0x2f,0xf7,0x39,0xaa,0xfa,0x8,0xf5,0x3e,0x25,0x86,0x6,0xc9,0x27,
  0xe7,0x4,0x60,0x6d,0x2b,0x1,0xed,0xb4,0x77,0x44,0x8d,0x81,0x37,0xe7,0x5e,0x3e,
  0xf0,0x6e,0x95,0x65,0x29,0x44,0x78,0x55,0x29,0x45,0x1c,0xea,0xd,0xe5,0x52,0x89,
  0x51,0x89,0x66,0xc9,0xe7,0x84,0xc1,0xdc,0x63,0xf1,0xad,0xe1,0xc4,0x5c,0xca,0x27,
  0x89,0xb2,0x52,0xc,0xa3,0x3f,0x49,0x8a,0x88,0xb5,0xc0,0xf1,0xfc,0x19,0x73,0x3d,
  0x38,0x55,0xcf,0xf5,0x49,0x84,0xc8,0xd0,0x65,0x96,0x89,0x1a,0x4d,0xc3,0xa9,0x56,
  0x22,0x33,0x33,0xc8,0x8e,0x8e,0x1e,0x4d,0x4f,0x8e,0xb4,0xd6,0x81,0x85,0x62,0xcc,
  0xda,0xaa,0xd9,0x98,0x2b,0x2,0x7f,0xfb,0xf4,0x8f,0x5f,0x91,0x7c,0xf7,0xc3,0x17,
  0x46,0xe8,0x75,0x94,0xe3,0xd5,0xe2,0x68,0x4e,0xff,0x6,0x72,0xf2,0xb6,0xb7,0xbf,
  0x77,0x5c,0xd3,0xba,0x69,0x55,0x5,0x78,0x4c,0xc9,0xa2,0x31,0x7f,0xab,0x12,0xd0,
  0x79,0x68,0xa4,0xfc,0x30,0x51,0xa7,0xee,0xe5,0x2c,0xb6,0x32,0xa3,0xf8,0x55,0x3a,
  0x52,0x93,0x2,0x79,0xd8,0xe2,0xe9,0x79,0xfd,0xd9,0x88,0xf2,0xeb,0x1b,0xed,0x69,
  0xe0,0xf0,0xa2,0xc9,0x33,0x8b,0x86,0xf,0x1c,0x3e,0x7e,0xc0,0x1,0x7f,0xbc,0xc6,
  0xe1,0xbb,0x99,0xb5,0xe6,0x8f,0x47,0x64,0xad,0xbd,0xad,0x45,0x9a,0x56,0x6c,0x55,
  0x13,0xb1,0xb2,0xea,0x6c,0xec,0x6e,0x8a,0xb1,0x63,0xce,0x1d,0xad,0x63,0x6f,0xdd,
  0x5c,0xf0,0x69,0x34,0x9,0x72,0xf6,0xd7,0x57,0xcd,0x9f,0xd4,0x72,0xc,0x6e,0xc8,
  0x53,0xaa,0xda,0xb6,0xa6,0xdb,0x5d,0x6,0x68,0x97,0x50,0xf0,0x4f,0xb6,0x8,0x7c,
  0x7b,0x8a,0x22,0x65,0x6a,0x4d,0xd1,0xd4,0xe0,0xff,0xb6,0x49,0x91,0xc8,0xf1,0xcd,
  0x8e,0x62,0x45,0x43,0x69,0xbf,0x4d,0x29,0x78,0x22,0x92,0x8a,0xb9,0x62,0xb,0xa6,
  0xc7,0x8c,0x17,0x85,0xf0,0x72,0xfe,0xc7,0xa5,0xfd,0x1b,0x65,0x94,0xc9,0x9,0x88,
  0xab,0x42,0x6a,0x59,0xae,0x1a,0x7e,0xc9,0xe,0x17,0x76,0xad,0x8e,0x20,0x63,0xb7,
  0x15,0xe4,0xa3,0x71,0x4a,0xbb,0xab,0x4f,0x79,0x1b,0x94,0x46,0xe7,0xa9,0xfd,0xd9,
  0x7a,0xe2,0x7e,0x67,0xb1,0x8f,0xb9,0xdf,0xdc,0x27,0x52,0xea,0x15,0x85,0x9f,0x42,
  0xaf,0xc8,0xdc,0x4a,0x4d,0x58,0xf5,0xf6,0xdf,0x50,0x8a,0xc4,0x47,0xea,0xc5,0x5b,
  0xed,0x9,0xe,0x28,0x6,0x6f,0x85,0x16,0x5f,0x3e,0x9f,0x5,0x4c,0x53,0x2a,0x58,
  0xf6,0x1b,0xe,0x19,0x92,0xde,0x33,0xf7,0xc8,0xfd,0x0,0xcb,0x84,0x75,0xf,0x9e,
  0x7f,0x8e,0x2b,0xcf,0x23,0x6e,0x7f,0x16,0xa4,0x4b,0xce,0x42,0xdb,0x54,0xa4,0x53,
  0xa2,0x20,0xb3,0xbd,0x13,0x8a,0xf0,0xdd,0x52,0xd4,0x4a,0x15,0x8a,0x37,0x0,0xe5,
  0x2e,0xf6,0x6d,0x5a,0x34,0xcd,0xb7,0x41,0x6b,0x7a,0x2e,0x55,0x97,0xbd,0xaa,0x6e,
  0x3a,0x38,0xe,0x70,0x8a,0xc2,0xd9,0x10,0xff,0x39,0x25,0x20,0xd8,0x57,0x7,0xe8,
  0xdc,0xb2,0x7d,0xac,0x74,0xfd,0xab,0xa6,0xfa,0x99,0xbb,0xb0,0xb9,0x49,0x2d,0xbd,
  0x1d,0x2d,0xcd,0x3e,0xec,0x16,0xf9,0xec,0xd7,0x7f,0xfe,0xa2,0xe4,0xd3,0x62,0xd0,
  0xa9,0x43,0xf1,0x92,0xf8,0x8c,0xc6,0xb0,0x9d,0xcd,0x7d,0xd9,0x6,0xe7,0x80,0x1d,
  0xeb,0xcc,0x2e,0xf7,0x1d,0x52,0xdd,0x42,0xb7,0xb1,0xb3,0x64,0xab,0xf0,0x62,0x84,
  0xea,0xb1,0x36,0x73,0xb9,0xf4,0x16,0x5f,0x61,0x1f,0xb9,0x2a,0xcc,0xb8,0x25,0xda,
  0xf8,0xce,0x5f,0xa6,0x8c,0xc7,0xad,0x51,0x5b,0x44,0xd1,0x95,0x40,0xa9,0xcc,0x33,
  0xb7,0xec,0x39,0x57,0x89,0xd0,0x98,0x9d,0x10,0xa7,0x5b,0x58,0x62,0x37,0x5b,0xd9,
  0xe3,0x43,0xb0,0xff,0x5b,0x4a,0xdf,0x6f,0x62,0xe9,0x53,0x8a,0x4a,0xe2,0x5b,0x22,
  0x8c,0xf1,0x28,0x70,0xf2,0xe,0xe4,0x63,0xe2,0x51,0xec,0x87,0x5d,0x3,0xe5,0x5a,
  0x7f,0xe4,0x65,0xd7,0xeb,0xa9,0xef,0xe9,0x7e,0xdc,0x6f,0x38,0xb6,0x78,0x2f,0x9b,
  0x12,0x4c,0x4b,0x7e,0x4,0x50,0xb9,0xff,0x5e,0xda,0xba,0xe8,0xb5,0x5b,0xd8,0x3d,
  0x3,0x1a,0x88,0xbc,0xac,0x22,0x82,0xac,0x81,0x1,0x33,0x66,0x2b,0x0,0xde,0x20,
  0xc,0xb6,0x4d,0x91,0xcb,0xf1,0x16,0x2d,0xce,0xdf,0xc,0x67,0x8a,0x32,0xbe,0x5b,
  0x26,0xa0,0xbb,0x45,0x61,0xbb,0x4b,0xe2,0x8a,0xed,0xa4,0xe4,0xd7,0x14,0x9a,0x90,
  0x70,0xb0,0xc,0xc2,0x30,0x7d,0xf9,0x8c,0x43,0xcb,0xd4,0xfb,0x7f,0xee,0x9,0x49,
  0xe,0xe2,0xfe,0x7d,0x14,0x76,0xb4,0xe2,0xf6,0x56,0x74,0xe7,0x29,0x14,0xdb,0x88,
  0xb4,0x4e,0x55,0x80,0xca,0x23,0x7,0xb9,0x27,0x96,0xfe,0x76,0x26,0xbe,0x16,0x25,
  0x1c,0x5e,0x79,0xd0,0x97,0x84,0x31,0x93,0x49,0x72,0xd3,0xe7,0x3a,0xfb,0x93,0x8c,
  0xaa,0xb0,0xb8,0x3a,0x57,0x2b,0xb9,0x49,0x85,0xee,0x65,0xca,0x82,0x72,0x99,0x32,
  0xa,0x81,0x33,0xa8,0xe3,0x68,0x5a,0x10,0x6,0xa1,0xad,0x4e,0xd6,0x1e,0x58,0x69,
  0xc2,0xa2,0x38,0x4,0xed,0x0,0xba,0x56,0x97,0x66,0x25,0x3e,0xc1,0xcc,0xf1,0x46,
  0xbb,0x4f,0x63,0x94,0xfd,0x3b,0xbe,0x5e,0x5b,0xd3,0x13,0xbf,0xeb,0xeb,0xb5,0x51,
  0x8b,0xbb,0x18,0xce,0xe,0x8c,0x6d,0xdd,0xb0,0x4d,0xbb,0xbf,0xb6,0x95,0xdc,0xb3,
  0xfd,0xbe,0xe6,0x6e,0x69,0x6d,0xa9,0x71,0xa4,0x58,0xf0,0xfe,0x1f,0xdd,0xae,0x3d,
  0xc6,0xe0,0xb6,0xc2,0x9f,0xb5,0x71,0x7b,0xe4,0x33,0x44,0x28,0x58,0xa3,0xb,0x4c,
  0x43,0x6d,0xd4,0x35,0xe5,0xdf,0x73,0x28,0x5d,0x19,0x56,0xbb,0x41,0xab,0x1c,0xed,
  0x96,0x50,0xdc,0x14,0xd3,0x6f,0x1c,0xcf,0xab,0xc4,0xbf,0xdb,0x8f,0xe3,0xe5,0x60,
  0xaf,0xea,0x2e,0x81,0xc0,0xdc,0x2a,0x61,0x6a,0x41,0x4d,0x22,0xfe,0xda,0xad,0x76,
  0xdf,0xb9,0x6d,0xe0,0x53,0x75,0x27,0xa3,0xc1,0x67,0xd6,0x32,0xad,0xb3,0x35,0xb7,
  0xbf,0x6d,0xf7,0x1a,0x46,0xa,0xb5,0x5e,0x94,0x25,0x33,0x64,0xef,0x76,0xe6,0xc2,
  0xa9,0xae,0x13,0x77,0x10,0xfd,0x39,0xce,0xbd,0x8e,0x2f,0xf,0xf6,0x8d,0x2,0x7c,
  0xaa,0xa1,0x91,0x2e,0x26,0x98,0xf2,0x2f,0x3a,0x39,0x47,0x91,0xfe,0x26,0x34,0x76,
  0x7d,0xa1,0x84,0x84,0x9e,0xaf,0xbc,0xd7,0x26,0xad,0x9e,0x18,0xf,0xb0,0x87,0xf0,
  0x2f,0x73,0x7d,0x37,0xba,0xeb,0x23,0x79,0xcf,0x23,0xbc,0xb2,0x2e,0x88,0x4b,0x41,
  0xbc,0xe2,0x69,0xa0,0x1c,0x3f,0x6,0xeb,0x33,0x4c,0x27,0xe,0x11,0xc1,0xc8,0x47,
  0xb4,0x8,0xa8,0x68,0xbe,0xd,0xc,0x70,0x6,0xb2,0x2a,0x8,0xf7,0x92,0xb0,0x31,
  0x4c,0x56,0x6a,0xbc,0x4d,0xbe,0xfc,0x55,0x34,0x80,0x19,0xec,0xa1,0xb3,0x90,0xd1,
  0xf3,0x81,0x31,0xff,0x1,0x31,0xa6,0x17,0x96,0xcd,0xc9,0xe1,0xf7,0xb3,0x5d,0xe7,
  0x15,0x25,0xcb,0x25,0xa6,0x91,0x7a,0xe7,0x7f,0x37,0xb,0x33,0x6e,0x12,0xb9,0xb8,
  0xe9,0xfc,0x17,0x2d,0xae,0x72,0xf1,
    // BootPage.qml
  0x0,0x0,0x6,0x3a,
  0x0,
  0x0,0x1f,0x2,0x78,0xda,0xb5,0x59,0xcb,0x6e,0xdb,0x46,0x14,0xdd,0xeb,0x2b,0x6,
  0xec,0xa2,0x36,0x5a,0x33,0x24,0xf5,0xb0,0x2c,0x21,0xb,0x49,0x66,0x12,0x5,0xb2,
  0x93,0x58,0x86,0xbd,0xa6,0xc9,0x91,0x34,0x9,0x5f,0xe5,0xc,0x63,0xc7,0x81,0x81,
  0x2e,0x8b,0xa2,0x40,0x37,0x5d,0x65,0xd3,0x76,0xd9,0x2f,0x68,0xd1,0x65,0xfd,0x27,
  0xf9,0x81,0xf6,0x13,0x3a,0x7c,0x8a,0x8f,0x21,0x39,0xb4,0x1c,0x2,0x31,0x32,0x77,
  0xee,0xcc,0xdc,0xe7,0xb9,0x77,0x46,0xc8,0x72,0x1d,0x8f,0x80,0x37,0xe4,0x8d,0x8f,
  0xf4,0x77,0x40,0x11,0xe5,0x7e,0x7,0xe5,0x68,0xe2,0x42,0xfb,0xe0,0xf8,0x4,0x3,
  0x99,0x31,0x37,0x73,0x6c,0xe2,0x39,0x26,0xce,0x2d,0x14,0xde,0xe2,0x27,0x53,0xc7,
  0x21,0xaf,0xb5,0x35,0x14,0xdf,0x62,0x1,0x68,0x18,0x4,0xe3,0x97,0xcb,0x4e,0x67,
  0x4e,0xa0,0x5,0x3e,0x76,0x0,0xfd,0x90,0x31,0x2,0x57,0x94,0x7c,0x46,0xff,0x75,
  0x42,0xca,0x93,0x27,0xe0,0xe0,0xe0,0x0,0x4c,0x27,0xa7,0xa7,0xf3,0xfb,0x1f,0xce,
  0x54,0x70,0xfc,0xf5,0x64,0xa1,0x9e,0x9d,0xab,0x1,0x39,0xe4,0x38,0x83,0x3a,0xd1,
  0xec,0xb5,0x9,0xe3,0x3d,0x92,0x7d,0x34,0x13,0x7a,0x64,0xaa,0xd9,0x36,0xf4,0x52,
  0xfa,0x35,0x32,0xc8,0x66,0x4,0x5c,0xcd,0x83,0x36,0x11,0xc3,0x51,0x3a,0xb7,0x81,
  0x68,0xbd,0x21,0x23,0xd0,0x1f,0xa4,0xa4,0xdb,0x11,0x90,0xa5,0x74,0xf4,0x1e,0x61,
  0x74,0x65,0xc2,0x11,0x58,0x69,0x26,0x86,0x29,0x59,0x77,0x4c,0xc7,0x1b,0xc5,0xda,
  0x88,0xe1,0xa9,0xe7,0x1f,0x5c,0x38,0xb,0xc8,0x7b,0xe9,0xf0,0x1c,0xde,0x10,0x91,
  0xd0,0x3f,0xfb,0xe9,0x42,0x4f,0x33,0x90,0x8f,0xe9,0x11,0x4a,0x27,0xa5,0x9d,0x39,
  0xd7,0x91,0x6d,0x33,0xca,0x4,0x9f,0x66,0xeb,0x1b,0xc7,0xc3,0xe2,0xa,0x99,0x66,
  0x22,0x3f,0x93,0xc1,0xd2,0xbc,0x35,0xb2,0xa3,0x5d,0xb3,0xf3,0xd8,0xd5,0x74,0x64,
  0xaf,0x43,0x85,0x72,0x13,0x81,0x60,0xe0,0x23,0x8,0x44,0x1b,0x1,0xe1,0xf3,0xa7,
  0xdf,0xfe,0xfd,0xeb,0x67,0x61,0xc,0x56,0xd4,0x8b,0xa2,0x8b,0x6e,0xa0,0xb9,0x44,
  0xb7,0x54,0x67,0x45,0x2,0x77,0xf9,0x85,0x54,0x41,0xdf,0xb2,0x99,0xd2,0x6,0x5f,
  0x34,0x11,0xa,0x7c,0x19,0x59,0x9d,0x78,0x3e,0x2c,0xb1,0x6d,0xe5,0xea,0x94,0xe6,
  0x22,0xd1,0x4a,0xe4,0x9c,0x83,0x13,0xdb,0x32,0xb9,0x8a,0x4a,0xc8,0x72,0x35,0xdb,
  0x95,0x63,0x1a,0x15,0x32,0x66,0xbc,0x2c,0x7c,0xd5,0x3d,0xec,0x1d,0xf6,0x9e,0x9,
  0x4c,0xa6,0xd8,0x88,0xe5,0xc9,0xbb,0x7,0xe9,0x76,0x2,0x31,0xa6,0xf9,0xc2,0xaf,
  0x9e,0x52,0x2f,0xba,0x32,0xe8,0x2a,0xdd,0x61,0x4b,0xd1,0xc3,0xb4,0xf1,0x34,0xf7,
  0xc4,0x31,0xe8,0x11,0x61,0x18,0x5f,0x3a,0x9e,0x71,0x49,0x49,0x4c,0x5e,0x4e,0xbf,
  0xe7,0x2d,0xb2,0x1d,0x65,0x82,0xec,0xc4,0xf1,0x31,0x9c,0x78,0x50,0x6b,0x9b,0xb,
  0x8e,0x3d,0x33,0x29,0x12,0x41,0x6a,0xc7,0x8f,0x59,0x18,0x10,0xe3,0xc,0x6,0x4f,
  0xa3,0x14,0x1e,0xe7,0xce,0xcd,0x9c,0x4e,0x21,0xcc,0xa6,0xa8,0x82,0x1c,0x1b,0x67,
  0xce,0x26,0x34,0xb5,0x20,0x35,0x92,0xee,0x58,0x96,0x8a,0xb7,0xda,0xaf,0x7c,0x3b,
  0xe4,0xa5,0xe7,0x4e,0x82,0xc3,0x20,0x45,0x24,0x1f,0xee,0x11,0x1a,0x99,0xdf,0x2,
  0x2b,0xf2,0xe1,0x7e,0x51,0x87,0x12,0x2e,0x50,0xa1,0x82,0x15,0xe3,0x32,0x5b,0x26,
  0xc,0x12,0xce,0x78,0x57,0x6,0x73,0x49,0xd3,0xc0,0xfa,0xe3,0x2a,0x35,0x99,0x19,
  0x5c,0x6b,0xdf,0x64,0x92,0x38,0xee,0x49,0x8,0x35,0xa3,0x82,0x66,0x68,0x5,0xf6,
  0x18,0x92,0x50,0x3,0x0,0xf,0x12,0xdf,0xb3,0xc1,0x40,0x1a,0x17,0xdc,0x1f,0x4f,
  0x48,0x45,0x39,0x99,0xc0,0xa6,0x6c,0x11,0x39,0x5,0x8f,0xc,0xa6,0x45,0xd5,0x24,
  0x9,0x43,0xd7,0x83,0x2b,0xe8,0x79,0xd0,0x78,0x11,0xa3,0xbb,0xd2,0xcb,0x86,0x58,
  0x5c,0x5d,0xd4,0xd3,0x83,0xf3,0xfb,0x1f,0x33,0x35,0xa5,0x1,0xdf,0xe2,0xcd,0x35,
  0x13,0xad,0x6d,0x8b,0x5a,0x67,0x44,0x8b,0x9f,0x38,0x9,0x46,0x2f,0x66,0x74,0x98,
  0x29,0x38,0x39,0x29,0x87,0x79,0x88,0x63,0x15,0xae,0x42,0xa1,0x3a,0x2c,0x67,0x74,
  0x52,0xa6,0x18,0x53,0x49,0x41,0xe9,0xe,0xaa,0xd0,0x98,0x53,0xe2,0xe0,0x5b,0x7,
  0xbb,0x85,0x9c,0xcf,0xe3,0xff,0x55,0xc0,0x95,0xe3,0x5,0x93,0x5a,0x90,0x1,0x5b,
  0x5e,0xf1,0x5,0x25,0xdf,0x52,0x7c,0xd2,0x4c,0xe6,0xa2,0x84,0x6f,0x49,0xe3,0x88,
  0x7a,0xcb,0x75,0x30,0x8a,0x36,0x90,0x44,0x1a,0x1d,0x29,0x62,0xc9,0xfd,0x41,0x7f,
  0x26,0x9,0xc,0xfc,0xac,0xdd,0x44,0xce,0x6d,0xd2,0x53,0x26,0xfd,0x67,0x7d,0xd6,
  0x26,0x77,0xad,0x6a,0x4e,0x12,0x89,0x7a,0x68,0xb0,0xb9,0xcd,0xc4,0x9e,0x2,0x9e,
  0x7e,0xfe,0xf4,0xbb,0xc0,0x85,0xdd,0x5d,0xa9,0x11,0x22,0x73,0xc3,0x38,0xcc,0x93,
  0x68,0x18,0x14,0xe7,0x2b,0xf4,0x88,0xc5,0x7a,0xe,0x71,0x60,0x29,0x5b,0x43,0x1e,
  0x4,0x6,0x4,0xfa,0x26,0xc0,0xb6,0xb2,0xa4,0xa5,0x2e,0x40,0xe9,0xb4,0x2d,0x9e,
  0x5b,0x5f,0x4e,0x94,0xee,0xa1,0x2a,0xec,0x18,0x9a,0xad,0xd4,0x5c,0xde,0xff,0x61,
  0x46,0x38,0x6e,0xc3,0x5b,0xe0,0xdb,0x90,0x36,0x97,0x1e,0xfd,0xeb,0x3a,0xbe,0x17,
  0xc2,0x38,0xb4,0x75,0xe8,0x35,0xab,0x2d,0x77,0xab,0xd5,0x3a,0x1c,0x1e,0x49,0x47,
  0xb3,0xdd,0xd5,0x62,0x28,0xd8,0x4,0x65,0x43,0x6,0x94,0x2d,0x26,0x53,0x75,0x1,
  0x96,0xea,0xec,0x7c,0xfe,0xea,0x34,0x87,0x67,0x55,0xad,0x25,0x47,0xc1,0x8e,0x59,
  0x4c,0xb8,0x22,0x9,0xe8,0x2b,0x6d,0xfc,0x30,0x7d,0x75,0x76,0xaa,0x2e,0xc1,0xf1,
  0x7c,0xf9,0xfa,0xd5,0xe9,0x7c,0xba,0x50,0x97,0x1c,0x36,0x97,0x5b,0x87,0x5a,0x38,
  0x6f,0x42,0x42,0x8d,0xbb,0x4c,0xdb,0x4a,0xb1,0x5f,0xed,0xbb,0x23,0x69,0xd2,0x9b,
  0x14,0x42,0x92,0x9d,0x67,0x6c,0x23,0xb5,0x8a,0x46,0x1c,0x61,0x24,0xe,0x1a,0x29,
  0x73,0x49,0x23,0x50,0x87,0xa2,0xee,0xf8,0x14,0x57,0xbf,0x1,0x42,0x14,0x98,0x7b,
  0x78,0xff,0x41,0x86,0x49,0x15,0x9a,0x4a,0x53,0x75,0xd6,0x17,0x76,0xe,0x2d,0x59,
  0x62,0x85,0xd6,0x7c,0x49,0x4b,0xe4,0x31,0x75,0x64,0xec,0xcf,0x6c,0x74,0x2d,0x10,
  0x26,0x17,0x8,0x5e,0x17,0xbb,0x1,0x23,0x55,0x3c,0xe0,0x78,0x60,0xe0,0x5,0x2c,
  0x89,0x68,0x25,0x1e,0xdd,0x44,0x2e,0x83,0x9c,0xbd,0xf0,0x64,0xe9,0x56,0x60,0x7e,
  0xa6,0x37,0xf2,0xbe,0xa4,0x64,0xb8,0xd6,0x8,0x35,0x38,0x47,0x9d,0xce,0xa8,0x58,
  0xb8,0x55,0x96,0xca,0xf6,0xa0,0xb2,0x6c,0xcb,0x83,0x4a,0xc7,0x5e,0x6f,0x10,0x61,
  0xc0,0x33,0xd,0x1a,0x83,0xb6,0x58,0xf9,0x1b,0x68,0x20,0x8b,0x8f,0xa7,0xe1,0x54,
  0x74,0x9,0x8d,0x28,0xfb,0x55,0xcb,0x63,0x1d,0x94,0x72,0x31,0xac,0xd3,0x9c,0xab,
  0x13,0xaf,0xe9,0x1a,0xbb,0x4c,0xc6,0xc4,0x16,0xf1,0xd,0x3d,0x1a,0xd6,0xdf,0x6a,
  0xa4,0xf0,0x63,0x57,0x59,0x27,0x8,0x2,0xf2,0x21,0x6c,0x2b,0xd8,0x7,0xd2,0x2b,
  0xfe,0x81,0xcc,0xd3,0x18,0x3c,0x9a,0x2d,0xbe,0x94,0x8a,0x6c,0xb1,0x92,0x96,0xdc,
  0xd2,0x82,0x2c,0xc7,0x18,0x1a,0x99,0x4e,0x9c,0x5a,0xa5,0x37,0xae,0x68,0xae,0xd8,
  0x7d,0x79,0xfd,0xa5,0x96,0x65,0xb6,0x8a,0xaa,0xf3,0xe0,0x10,0xca,0x16,0x21,0xb9,
  0x57,0xcb,0xea,0x5,0x29,0xd7,0xc0,0xbb,0x85,0x9,0x46,0xfc,0xf3,0xf8,0x3d,0x83,
  0x2,0xbd,0x41,0x25,0x47,0x92,0xfe,0x35,0x2c,0x49,0x5c,0x28,0xdd,0x4a,0x96,0x7c,
  0xa2,0x23,0xdd,0xb1,0xa7,0xeb,0xfa,0x14,0x6f,0xee,0x46,0x2e,0xe2,0x6e,0xa4,0x72,
  0x69,0x4d,0x47,0xfc,0xa0,0xce,0xb8,0xd0,0x1b,0xfc,0xf7,0xeb,0x2f,0x3f,0x9,0xb5,
  0x8c,0x1c,0x4d,0x68,0x75,0x48,0x56,0x84,0x25,0xc7,0x3,0x56,0xcb,0x7,0xd,0x7e,
  0x4b,0x57,0xad,0x4c,0x43,0xb1,0xb7,0x93,0x33,0x22,0xbb,0xda,0x9a,0x5,0x9b,0xad,
  0xda,0xf0,0xe8,0x55,0xd9,0x82,0xf4,0x6b,0xd9,0xb9,0x1e,0x9c,0x6a,0x1c,0xc3,0x83,
  0x1b,0x25,0xa3,0xd,0x3a,0xb5,0x7c,0x1c,0x86,0xdb,0x1a,0xef,0xdd,0xf5,0x26,0x6c,
  0xca,0x2e,0x85,0xc6,0x5,0x9c,0x4f,0x8c,0xdc,0xed,0x67,0xb,0x13,0x95,0x5f,0x6f,
  0xff,0xf9,0x53,0x18,0x97,0x9a,0xc1,0x31,0x43,0xc6,0xa6,0x6d,0x79,0x40,0xaf,0x8,
  0x6d,0xf2,0xb0,0x91,0x35,0xd3,0x2d,0xf9,0xf8,0xfc,0x86,0x88,0xc8,0x72,0x4d,0x44,
  0xcb,0x57,0x98,0x58,0xd4,0xe4,0x15,0x20,0xcd,0x82,0xc9,0x23,0x5e,0x3b,0xe7,0xdb,
  0x22,0xcd,0x58,0xc3,0x3c,0x64,0x36,0xee,0xc3,0x1b,0x8a,0x3b,0xa1,0x61,0x1b,0x10,
  0x78,0xa8,0xa7,0xa,0x6e,0x18,0x8c,0xb7,0xcf,0x7,0xe3,0xed,0xe3,0x11,0xf7,0x36,
  0x2c,0xfb,0x1e,0x3b,0x84,0xaf,0x20,0xb5,0x88,0xf1,0x96,0x29,0x5c,0xbc,0x7a,0x84,
  0x91,0xc6,0xbd,0x2a,0xca,0xa4,0x9c,0x4e,0xb,0xed,0xa,0x9a,0xad,0x14,0x62,0x2,
  0x83,0xd4,0x6e,0x29,0x27,0x34,0x7f,0x21,0x87,0xec,0xc6,0x71,0xf7,0x38,0x5,0xba,
  0xc1,0xe1,0xc9,0x13,0xdb,0xf7,0x7f,0xb,0x9d,0x46,0xac,0x95,0xd5,0xe1,0x50,0xed,
  0x57,0x33,0x96,0x9a,0x8c,0xc1,0x23,0x57,0x78,0xae,0x6e,0xb9,0xea,0x27,0x8f,0x6c,
  0x4c,0x5b,0xda,0x6e,0x8d,0x74,0xf6,0xd7,0x91,0x9a,0x8e,0xd6,0x36,0x9c,0x6b,0x51,
  0xd3,0x9,0x7a,0xf,0x97,0xd1,0xed,0x16,0x3c,0xd,0xbb,0x8a,0x71,0x8d,0xb1,0xc3,
  0x1f,0x46,0xe8,0x7d,0xd4,0xb6,0xe1,0xd,0x5d,0xb1,0x87,0xdc,0xfd,0x6a,0x76,0x1a,
  0x91,0xfa,0xbb,0xe0,0xcd,0x40,0x74,0x7d,0xbc,0xd9,0x13,0x2e,0xe0,0x6,0xe9,0xbe,
  0x9,0x71,0xf8,0x23,0xf1,0x77,0x96,0x29,0xec,0xf3,0x5f,0x3c,0x1e,0xe5,0xc5,0x23,
  0x5a,0x72,0xd7,0xf9,0x1f,0x30,0x92,0x1e,0x5e,
    // DashboardPage.qml
  0x0,0x0,0x9,0xd1,
  0x69,
  0x6d,0x70,0x6f,0x72,0x74,0x20,0x51,0x74,0x51,0x75,0x69,0x63,0x6b,0x20,0x32,0x2e,
  0x31,0x35,0xa,0x69,0x6d,0x70,0x6f,0x72,0x74,0x20,0x51,0x74,0x51,0x75,0x69,0x63,
  0x6b,0x2e,0x4c,0x61,0x79,0x6f,0x75,0x74,0x73,0x20,0x31,0x2e,0x31,0x35,0xa,0x69,
  0x6d,0x70,0x6f,0x72,0x74,0x20,0x51,0x74,0x51,0x75,0x69,0x63,0x6b,0x2e,0x43,0x6f,
  0x6e,0x74,0x72,0x6f,0x6c,0x73,0x20,0x32,0x2e,0x31,0x35,0xa,0xa,0x49,0x74,0x65,
  0x6d,0x20,0x7b,0xa,0x20,0x20,0x20,0x20,0x69,0x64,0x3a,0x20,0x64,0x61,0x73,0x68,
  0x62,0x6f,0x61,0x72,0x64,0x52,0x6f,0x6f,0x74,0xa,0xa,0x20,0x20,0x20,0x20,0x53,
  0x74,0x61,0x63,0x6b,0x56,0x69,0x65,0x77,0x2e,0x6f,0x6e,0x41,0x63,0x74,0x69,0x76,
  0x61,0x74,0x65,0x64,0x3a,0x20,0x7b,0xa,0x20,0x20,0x20,0x20,0x20,0x20,0x20,0x20,
  0x73,0x65,0x73,0x73,0x69,0x6f,0x6e,0x73,0x4d,0x6f,0x64,0x65,0x6c,0x2e,0x63,0x6c,
  0x65,0x61,0x72,0x28,0x29,0x3b,0xa,0x20,0x20,0x20,0x20,0x20,0x20,0x20,0x20,0x63,
  0x6f,0x6d,0x6d,0x45,0x73,0x70,0x2e,0x6f,0x62,0x74,0x65,0x6e,0x69,0x72,0x43,0x61,
  0x6c,0x65,0x6e,0x64,0x72,0x69,0x65,0x72,0x28,0x29,0x3b,0xa,0x20,0x20,0x20,0x20,
  0x7d,0xa,0xa,0x20,0x20,0x20,0x20,0x53,0x63,0x72,0x6f,0x6c,0x6c,0x56,0x69,0x65,
  0x77,0x20,0x7b,0xa,0x20,0x20,0x20,0x20,0x20,0x20,0x20,0x20,0x61,0x6e,0x63,0x68,
  0x6f,0x72,0x73,0x2e,0x66,0x69,0x6c,0x6c,0x3a,0x20,0x70,0x61,0x72,0x65,0x6e,0x74,
  0xa,0x20,0x20,0x20,0x20,0x20,0x20,0x20,0x20,0x63,0x6f,0x6e,0x74,0x65,0x6e,0x74,
  0x57,0x69,0x64,0x74,0x68,0x3a,0x20,0x70,0x61,0x72,0x65,0x6e,0x74,0x2e,0x77,0x69,
  0x64,0x74,0x68,0xa,0x20,0x20,0x20,0x20,0x20,0x20,0x20,0x20,0x63,0x6c,0x69,0x70,
  0x3a,0x20,0x74,0x72,0x75,0x65,0xa,0xa,0x20,0x20,0x20,0x20,0x20,0x20,0x20,0x20,
  0x43,0x6f,0x6c,0x75,0x6d,0x6e,0x4c,0x61,0x79,0x6f,0x75,0x74,0x20,0x7b,0xa,0x20,
  0x20,0x20,0x20,0x20,0x20,0x20,0x20,0x20,0x20,0x20,0x20,0x77,0x69,0x64,0x74,0x68,
  0x3a,0x20,0x70,0x61,0x72,0x65,0x6e,0x74,0x2e,0x77,0x69,0x64,0x74,0x68,0x20,0x2d,
  0x20,0x32,0x30,0xa,0x20,0x20,0x20,0x20,0x20,0x20,0x20,0x20,0x20,0x20,0x20,0x20,
  0x61,0x6e,0x63,0x68,0x6f,0x72,0x73,0x2e,0x68,0x6f,0x72,0x69,0x7a,0x6f,0x6e,0x74,
  0x61,0x6c,0x43,0x65,0x6e,0x74,0x65,0x72,0x3a,0x20,0x70,0x61,0x72,0x65,0x6e,0x74,
  0x2e,0x68,0x6f,0x72,0x69,0x7a,0x6f,0x6e,0x74,0x61,0x6c,0x43,0x65,0x6e,0x74,0x65,
  0x72,0xa,0x20,0x20,0x20,0x20,0x20,0x20,0x20,0x20,0x20,0x20,0x20,0x20,0x73,0x70,
  0x61,0x63,0x69,0x6e,0x67,0x3a,0x20,0x31,0x36,0xa,0xa,0x20,0x20,0x20,0x20,0x20,
  0x20,0x20,0x20,0x20,0x20,0x20,0x20,0x49,0x74,0x65,0x6d,0x20,0x7b,0x20,0x68,0x65,
  0x69,0x67,0x68,0x74,0x3a,0x20,0x38,0x20,0x7d,0xa,0xa,0x20,0x20,0x20,0x20,0x20,
  0x20,0x20,0x20,0x20,0x20,0x20,0x20,0x52,0x65,0x63,0x74,0x61,0x6e,0x67,0x6c,0x65,
  0x20,0x7b,0xa,0x20,0x20,0x20,0x20,0x20,0x20,0x20,0x20,0x20,0x20,0x20,0x20,0x20,
  0x20,0x20,0x20,0x4c,0x61,0x79,0x6f,0x75,0x74,0x2e,0x66,0x69,0x6c,0x6c,0x57,0x69,
  0x64,0x74,0x68,0x3a,0x20,0x74,0x72,0x75,0x65,0xa,0x20,0x20,0x20,0x20,0x20,0x20,
  0x20,0x20,0x20,0x20,0x20,0x20,0x20,0x20,0x20,0x20,0x68,0x65,0x69,0x67,0x68,0x74,
  0x3a,0x20,0x38,0x30,0x3b,0x20,0x72,0x61,0x64,0x69,0x75,0x73,0x3a,0x20,0x31,0x36,
  0x3b,0x20,0x63,0x6f,0x6c,0x6f,0x72,0x3a,0x20,0x22,0x23,0x45,0x33,0x46,0x32,0x46,
  0x44,0x22,0xa,0xa,0x20,0x20,0x20,0x20,0x20,0x20,0x20,0x20,0x20,0x20,0x20,0x20,
  0x20,0x20,0x20,0x20,0x52,0x6f,0x77,0x4c,0x61,0x79,0x6f,0x75,0x74,0x20,0x7b,0xa,
  0x20,0x20,0x20,0x20,0x20,0x20,0x20,0x20,0x20,0x20,0x20,0x20,0x20,0x20,0x20,0x20,
  0x20,0x20,0x20,0x20,0x61,0x6e,0x63,0x68,0x6f,0x72,0x73,0x2e,0x66,0x69,0x6c,0x6c,
  0x3a,0x20,0x70,0x61,0x72,0x65,0x6e,0x74,0xa,0x20,0x20,0x20,0x20,0x20,0x20,0x20,
  0x20,0x20,0x20,0x20,0x20,0x20,0x20,0x20,0x20,0x20,0x20,0x20,0x20,0x61,0x6e,0x63,
  0x68,0x6f,0x72,0x73,0x2e,0x6c,0x65,0x66,0x74,0x4d,0x61,0x72,0x67,0x69,0x6e,0x3a,
  0x20,0x31,0x38,0x3b,0x20,0x61,0x6e,0x63,0x68,0x6f,0x72,0x73,0x2e,0x72,0x69,0x67,
  0x68,0x74,0x4d,0x61,0x72,0x67,0x69,0x6e,0x3a,0x20,0x31,0x38,0xa,0xa,0x20,0x20,
  0x20,0x20,0x20,0x20,0x20,0x20,0x20,0x20,0x20,0x20,0x20,0x20,0x20,0x20,0x20,0x20,
  0x20,0x20,0x43,0x6f,0x6c,0x75,0x6d,0x6e,0x4c,0x61,0x79,0x6f,0x75,0x74,0x20,0x7b,
  0xa,0x20,0x20,0x20,0x20,0x20,0x20,0x20,0x20,0x20,0x20,0x20,0x20,0x20,0x20,0x20,
  0x20,0x20,0x20,0x20,0x20,0x20,0x20,0x20,0x20,0x4c,0x61,0x79,0x6f,0x75,0x74,0x2e,
  0x66,0x69,0x6c,0x6c,0x57,0x69,0x64,0x74,0x68,0x3a,0x20,0x74,0x72,0x75,0x65,0x3b,
  0x20,0x73,0x70,0x61,0x63,0x69,0x6e,0x67,0x3a,0x20,0x32,0xa,0x20,0x20,0x20,0x20,
  0x20,0x20,0x20,0x20,0x20,0x20,0x20,0x20,0x20,0x20,0x20,0x20,0x20,0x20,0x20,0x20,
  0x20,0x20,0x20,0x20,0x54,0x65,0x78,0x74,0x20,0x7b,0x20,0x74,0x65,0x78,0x74,0x3a,
  0x20,0x77,0x69,0x6e,0x64,0x6f,0x77,0x2e,0x61,0x63,0x74,0x69,0x76,0x65,0x53,0x74,
  0x61,0x74,0x69,0x6f,0x6e,0x3b,0x20,0x66,0x6f,0x6e,0x74,0x2e,0x62,0x6f,0x6c,0x64,
  0x3a,0x20,0x74,0x72,0x75,0x65,0x3b,0x20,0x66,0x6f,0x6e,0x74,0x2e,0x70,0x69,0x78,
  0x65,0x6c,0x53,0x69,0x7a,0x65,0x3a,0x20,0x31,0x38,0x3b,0x20,0x63,0x6f,0x6c,0x6f,
  0x72,0x3a,0x20,0x22,0x23,0x31,0x35,0x36,0x35,0x43,0x30,0x22,0x20,0x7d,0xa,0x20,
  0x20,0x20,0x20,0x20,0x20,0x20,0x20,0x20,0x20,0x20,0x20,0x20,0x20,0x20,0x20,0x20,
  0x20,0x20,0x20,0x20,0x20,0x20,0x20,0x54,0x65,0x78,0x74,0x20,0x7b,0x20,0x74,0x65,
  0x78,0x74,0x3a,0x20,0x22,0x53,0x75,0x70,0x65,0x72,0x76,0x69,0x73,0x69,0x6f,0x6e,
  0x20,0x61,0x63,0x74,0x69,0x76,0x65,0x22,0x3b,0x20,0x66,0x6f,0x6e,0x74,0x2e,0x70,
  0x69,0x78,0x65,0x6c,0x53,0x69,0x7a,0x65,0x3a,0x20,0x31,0x33,0x3b,0x20,0x63,0x6f,
  0x6c,0x6f,0x72,0x3a,0x20,0x22,0x23,0x34,0x32,0x41,0x35,0x46,0x35,0x22,0x20,0x7d,
  0xa,0x20,0x20,0x20,0x20,0x20,0x20,0x20,0x20,0x20,0x20,0x20,0x20,0x20,0x20,0x20,
  0x20,0x20,0x20,0x20,0x20,0x7d,0xa,0x20,0x20,0x20,0x20,0x20,0x20,0x20,0x20,0x20,
  0x20,0x20,0x20,0x20,0x20,0x20,0x20,0x7d,0xa,0x20,0x20,0x20,0x20,0x20,0x20,0x20,
  0x20,0x20,0x20,0x20,0x20,0x7d,0xa,0xa,0x20,0x20,0x20,0x20,0x20,0x20,0x20,0x20,
  0x20,0x20,0x20,0x20,0x49,0x74,0x65,0x6d,0x20,0x7b,0x20,0x68,0x65,0x69,0x67,0x68,
  0x74,0x3a,0x20,0x34,0x20,0x7d,0xa,0xa,0x20,0x20,0x20,0x20,0x20,0x20,0x20,0x20,
  0x20,0x20,0x20,0x20,0x54,0x65,0x78,0x74,0x20,0x7b,0xa,0x20,0x20,0x20,0x20,0x20,
  0x20,0x20,0x20,0x20,0x20,0x20,0x20,0x20,0x20,0x20,0x20,0x74,0x65,0x78,0x74,0x3a,
  0x20,0x22,0x4e,0x61,0x76,0x69,0x67,0x61,0x74,0x69,0x6f,0x6e,0x22,0xa,0x20,0x20,
  0x20,0x20,0x20,0x20,0x20,0x20,0x20,0x20,0x20,0x20,0x20,0x20,0x20,0x20,0x66,0x6f,
  0x6e,0x74,0x2e,0x70,0x69,0x78,0x65,0x6c,0x53,0x69,0x7a,0x65,0x3a,0x20,0x31,0x32,
  0x3b,0x20,0x66,0x6f,0x6e,0x74,0x2e,0x62,0x6f,0x6c,0x64,0x3a,0x20,0x74,0x72,0x75,
  0x65,0x3b,0x20,0x63,0x6f,0x6c,0x6f,0x72,0x3a,0x20,0x22,0x23,0x39,0x30,0x41,0x34,
  0x41,0x45,0x22,0xa,0x20,0x20,0x20,0x20,0x20,0x20,0x20,0x20,0x20,0x20,0x20,0x20,
  0x20,0x20,0x20,0x20,0x66,0x6f,0x6e,0x74,0x2e,0x6c,0x65,0x74,0x74,0x65,0x72,0x53,
  0x70,0x61,0x63,0x69,0x6e,0x67,0x3a,0x20,0x31,0x3b,0x20,0x4c,0x61,0x79,0x6f,0x75,
  0x74,0x2e,0x6c,0x65,0x66,0x74,0x4d,0x61,0x72,0x67,0x69,0x6e,0x3a,0x20,0x34,0xa,
  0x20,0x20,0x20,0x20,0x20,0x20,0x20,0x20,0x20,0x20,0x20,0x20,0x7d,0xa,0xa,0x20,
  0x20,0x20,0x20,0x20,0x20,0x20,0x20,0x20,0x20,0x20,0x20,0x43,0x6f,0x6c,0x75,0x6d,
  0x6e,0x4c,0x61,0x79,0x6f,0x75,0x74,0x20,0x7b,0xa,0x20,0x20,0x20,0x20,0x20,0x20,
  0x20,0x20,0x20,0x20,0x20,0x20,0x20,0x20,0x20,0x20,0x4c,0x61,0x79,0x6f,0x75,0x74,
  0x2e,0x66,0x69,0x6c,0x6c,0x57,0x69,0x64,0x74,0x68,0x3a,0x20,0x74,0x72,0x75,0x65,
  0x3b,0x20,0x73,0x70,0x61,0x63,0x69,0x6e,0x67,0x3a,0x20,0x31,0x30,0xa,0xa,0x20,
  0x20,0x20,0x20,0x20,0x20,0x20,0x20,0x20,0x20,0x20,0x20,0x20,0x20,0x20,0x20,0x41,
  0x70,0x70,0x43,0x61,0x72,0x64,0x20,0x7b,0xa,0x20,0x20,0x20,0x20,0x20,0x20,0x20,
  0x20,0x20,0x20,0x20,0x20,0x20,0x20,0x20,0x20,0x20,0x20,0x20,0x20,0x74,0x69,0x74,
  0x6c,0x65,0x3a,0x20,0x22,0x53,0x65,0x73,0x73,0x69,0x6f,0x6e,0x73,0x22,0xa,0x20,
  0x20,0x20,0x20,0x20,0x20,0x20,0x20,0x20,0x20,0x20,0x20,0x20,0x20,0x20,0x20,0x20,
  0x20,0x20,0x20,0x73,0x75,0x62,0x54,0x69,0x74,0x6c,0x65,0x3a,0x20,0x22,0x48,0x69,
  0x73,0x74,0x6f,0x72,0x69,0x71,0x75,0x65,0x20,0x65,0x74,0x20,0x70,0x6c,0x61,0x6e,
  0x6e,0x69,0x6e,0x67,0x22,0xa,0x20,0x20,0x20,0x20,0x20,0x20,0x20,0x20,0x20,0x20,
  0x20,0x20,0x20,0x20,0x20,0x20,0x20,0x20,0x20,0x20,0x69,0x63,0x6f,0x6e,0x43,0x68,
  0x61,0x72,0x3a,0x20,0x22,0xf0,0x9f,0x93,0x85,0x22,0xa,0x20,0x20,0x20,0x20,0x20,
  0x20,0x20,0x20,0x20,0x20,0x20,0x20,0x20,0x20,0x20,0x20,0x20,0x20,0x20,0x20,0x62,
  0x61,0x64,0x67,0x65,0x43,0x6f,0x75,0x6e,0x74,0x3a,0x20,0x77,0x69,0x6e,0x64,0x6f,
  0x77,0x2e,0x61,0x63,0x74,0x69,0x76,0x65,0x53,0x65,0x73,0x73,0x69,0x6f,0x6e,0x43,
  0x6f,0x75,0x6e,0x74,0xa,0x20,0x20,0x20,0x20,0x20,0x20,0x20,0x20,0x20,0x20,0x20,
  0x20,0x20,0x20,0x20,0x20,0x20,0x20,0x20,0x20,0x6f,0x6e,0x43,0x6c,0x69,0x63,0x6b,
  0x65,0x64,0x3a,0x20,0x73,0x74,0x61,0x63,0x6b,0x56,0x69,0x65,0x77,0x2e,0x70,0x75,
  0x73,0x68,0x28,0x22,0x53,0x65,0x73,0x73,0x69,0x6f,0x6e,0x73,0x50,0x61,0x67,0x65,
  0x2e,0x71,0x6d,0x6c,0x22,0x29,0xa,0x20,0x20,0x20,0x20,0x20,0x20,0x20,0x20,0x20,
  0x20,0x20,0x20,0x20,0x20,0x20,0x20,0x7d,0xa,0xa,0x20,0x20,0x20,0x20,0x20,0x20,
  0x20,0x20,0x20,0x20,0x20,0x20,0x20,0x20,0x20,0x20,0x41,0x70,0x70,0x43,0x61,0x72,
  0x64,0x20,0x7b,0xa,0x20,0x20,0x20,0x20,0x20,0x20,0x20,0x20,0x20,0x20,0x20,0x20,
  0x20,0x20,0x20,0x20,0x20,0x20,0x20,0x20,0x74,0x69,0x74,0x6c,0x65,0x3a,0x20,0x22,
  0x53,0x74,0x61,0x74,0x75,0x74,0x20,0x42,0x6f,0x72,0x6e,0x65,0x22,0xa,0x20,0x20,
  0x20,0x20,0x20,0x20,0x20,0x20,0x20,0x20,0x20,0x20,0x20,0x20,0x20,0x20,0x20,0x20,
  0x20,0x20,0x73,0x75,0x62,0x54,0x69,0x74,0x6c,0x65,0x3a,0x20,0x22,0x43,0x6f,0x6e,
  0x73,0x6f,0x6d,0x6d,0x61,0x74,0x69,0x6f,0x6e,0x20,0x65,0x6e,0x20,0x64,0x69,0x72,
  0x65,0x63,0x74,0x22,0xa,0x20,0x20,0x20,0x20,0x20,0x20,0x20,0x20,0x20,0x20,0x20,
  0x20,0x20,0x20,0x20,0x20,0x20,0x20,0x20,0x20,0x69,0x63,0x6f,0x6e,0x43,0x68,0x61,
  0x72,0x3a,0x20,0x22,0xf0,0x9f,0x93,0x8a,0x22,0xa,0x20,0x20,0x20,0x20,0x20,0x20,
  0x20,0x20,0x20,0x20,0x20,0x20,0x20,0x20,0x20,0x20,0x20,0x20,0x20,0x20,0x6f,0x6e,
  0x43,0x6c,0x69,0x63,0x6b,0x65,0x64,0x3a,0x20,0x73,0x74,0x61,0x63,0x6b,0x56,0x69,
  0x65,0x77,0x2e,0x70,0x75,0x73,0x68,0x28,0x22,0x53,0x74,0x61,0x74,0x75,0x73,0x50,
  0x61,0x67,0x65,0x2e,0x71,0x6d,0x6c,0x22,0x29,0xa,0x20,0x20,0x20,0x20,0x20,0x20,
  0x20,0x20,0x20,0x20,0x20,0x20,0x20,0x20,0x20,0x20,0x7d,0xa,0x20,0x20,0x20,0x20,
  0x20,0x20,0x20,0x20,0x20,0x20,0x20,0x20,0x7d,0xa,0xa,0x20,0x20,0x20,0x20,0x20,
  0x20,0x20,0x20,0x20,0x20,0x20,0x20,0x49,0x74,0x65,0x6d,0x20,0x7b,0x20,0x68,0x65,
  0x69,0x67,0x68,0x74,0x3a,0x20,0x38,0x20,0x7d,0xa,0xa,0x20,0x20,0x20,0x20,0x20,
  0x20,0x20,0x20,0x20,0x20,0x20,0x20,0x41,0x70,0x70,0x42,0x75,0x74,0x74,0x6f,0x6e,
  0x20,0x7b,0xa,0x20,0x20,0x20,0x20,0x20,0x20,0x20,0x20,0x20,0x20,0x20,0x20,0x20,
  0x20,0x20,0x20,0x74,0x65,0x78,0x74,0x3a,0x20,0x22,0x44,0xc3,0xa9,0x63,0x6f,0x6e,
  0x6e,0x65,0x63,0x74,0x65,0x72,0x20,0x6c,0x61,0x20,0x62,0x6f,0x72,0x6e,0x65,0x22,
  0xa,0x20,0x20,0x20,0x20,0x20,0x20,0x20,0x20,0x20,0x20,0x20,0x20,0x20,0x20,0x20,
  0x20,0x69,0x73,0x50,0x72,0x69,0x6d,0x61,0x72,0x79,0x3a,0x20,0x66,0x61,0x6c,0x73,
  0x65,0xa,0x20,0x20,0x20,0x20,0x20,0x20,0x20,0x20,0x20,0x20,0x20,0x20,0x20,0x20,
  0x20,0x20,0x4c,0x61,0x79,0x6f,0x75,0x74,0x2e,0x66,0x69,0x6c,0x6c,0x57,0x69,0x64,
  0x74,0x68,0x3a,0x20,0x74,0x72,0x75,0x65,0xa,0x20,0x20,0x20,0x20,0x20,0x20,0x20,
  0x20,0x20,0x20,0x20,0x20,0x20,0x20,0x20,0x20,0x6f,0x6e,0x43,0x6c,0x69,0x63,0x6b,
  0x65,0x64,0x3a,0x20,0x7b,0xa,0x20,0x20,0x20,0x20,0x20,0x20,0x20,0x20,0x20,0x20,
  0x20,0x20,0x20,0x20,0x20,0x20,0x20,0x20,0x20,0x20,0x73,0x74,0x61,0x74,0x69,0x6f,
  0x6e,0x73,0x4d,0x6f,0x64,0x65,0x6c,0x53,0x6f,0x75,0x72,0x63,0x65,0x2e,0x63,0x6c,
  0x65,0x61,0x72,0x28,0x29,0x3b,0xa,0x20,0x20,0x20,0x20,0x20,0x20,0x20,0x20,0x20,
  0x20,0x20,0x20,0x20,0x20,0x20,0x20,0x20,0x20,0x20,0x20,0x73,0x65,0x73,0x73,0x69,
  0x6f,0x6e,0x73,0x4d,0x6f,0x64,0x65,0x6c,0x2e,0x63,0x6c,0x65,0x61,0x72,0x28,0x29,
  0x3b,0xa,0x20,0x20,0x20,0x20,0x20,0x20,0x20,0x20,0x20,0x20,0x20,0x20,0x20,0x20,
  0x20,0x20,0x20,0x20,0x20,0x20,0x77,0x69,0x6e,0x64,0x6f,0x77,0x2e,0x61,0x63,0x74,
  0x69,0x76,0x65,0x53,0x74,0x61,0x74,0x69,0x6f,0x6e,0x20,0x3d,0x20,0x22,0x22,0x3b,
  0xa,0x20,0x20,0x20,0x20,0x20,0x20,0x20,0x20,0x20,0x20,0x20,0x20,0x20,0x20,0x20,
  0x20,0x20,0x20,0x20,0x20,0x63,0x6f,0x6d,0x6d,0x52,0x61,0x73,0x70,0x69,0x2e,0x6f,
  0x62,0x74,0x65,0x6e,0x69,0x72,0x53,0x74,0x61,0x74,0x69,0x6f,0x6e,0x28,0x29,0x3b,
  0xa,0x20,0x20,0x20,0x20,0x20,0x20,0x20,0x20,0x20,0x20,0x20,0x20,0x20,0x20,0x20,
  0x20,0x20,0x20,0x20,0x20,0x73,0x74,0x61,0x63,0x6b,0x56,0x69,0x65,0x77,0x2e,0x72,
  0x65,0x70,0x6c,0x61,0x63,0x65,0x28,0x6e,0x75,0x6c,0x6c,0x2c,0x20,0x22,0x42,0x6f,
  0x6f,0x74,0x50,0x61,0x67,0x65,0x2e,0x71,0x6d,0x6c,0x22,0x29,0x3b,0xa,0x20,0x20,
  0x20,0x20,0x20,0x20,0x20,0x20,0x20,0x20,0x20,0x20,0x20,0x20,0x20,0x20,0x7d,0xa,
  0x20,0x20,0x20,0x20,0x20,0x20,0x20,0x20,0x20,0x20,0x20,0x20,0x7d,0xa,0xa,0x20,
  0x20,0x20,0x20,0x20,0x20,0x20,0x20,0x20,0x20,0x20,0x20,0x49,0x74,0x65,0x6d,0x20,
  0x7b,0x20,0x68,0x65,0x69,0x67,0x68,0x74,0x3a,0x20,0x38,0x20,0x7d,0xa,0x20,0x20,
  0x20,0x20,0x20,0x20,0x20,0x20,0x7d,0xa,0x20,0x20,0x20,0x20,0x7d,0xa,0x7d,0xa,
  
    // AppCard.qml
  0x0,0x0,0x2,0x91,
  0x0,
  0x0,0x9,0x4,0x78,0xda,0xcd,0x55,0x4d,0x6f,0xd3,0x40,0x10,0xbd,0xfb,0x57,0x8c,
  0xcc,0x5,0xe,0xb8,0xb1,0x9d,0x86,0xd4,0x48,0xa0,0x12,0x52,0xa9,0x12,0x15,0x6a,
  0xa9,0xe0,0xbc,0x59,0x4f,0xec,0x15,0x9b,0x5d,0x6b,0xbd,0x6e,0xda,0xa2,0x48,0xfc,
  0x1d,0xee,0x9c,0xb8,0xf6,0x9f,0xf0,0x4b,0x58,0xaf,0x13,0x7f,0x24,0x29,0x49,0xc3,
  0x85,0x39,0x65,0xf7,0xed,0x66,0xde,0xbe,0x79,0x33,0x66,0xb3,0x4c,0x2a,0xd,0x97,
  0xfa,0xb2,0x60,0xf4,0x2b,0x4,0x9e,0x7f,0xec,0xb0,0xce,0x9e,0xf7,0x81,0xdc,0xc9,
  0x42,0xe7,0xe0,0x97,0x98,0x73,0x85,0x54,0x13,0x91,0x70,0x84,0x6f,0xe,0x98,0x60,
  0x71,0x4,0x94,0xa8,0xf8,0x4a,0x4a,0x6d,0x37,0x32,0x25,0x33,0x54,0xfa,0xe,0x72,
  0xad,0x98,0x48,0x40,0x33,0xcd,0x71,0x2b,0x92,0x17,0x93,0xeb,0x47,0x41,0x46,0xa5,
  0x18,0xa5,0x44,0x75,0x41,0x26,0x34,0x4c,0x48,0x9c,0xe0,0x48,0x16,0x42,0x47,0xd0,
  0xb3,0x70,0xce,0x12,0x41,0x38,0x50,0x6e,0xe8,0x62,0xfc,0xfc,0x85,0x63,0x77,0x2b,
  0xde,0xde,0x94,0x71,0xfe,0x85,0xc5,0x3a,0x8d,0x40,0xab,0xa2,0x4a,0x96,0x22,0x4b,
  0x52,0x73,0x7d,0x58,0xdd,0x57,0x24,0x66,0x45,0x1e,0x81,0xdf,0xb7,0x4b,0x2a,0xb9,
  0x54,0x11,0xb8,0xf3,0x94,0x69,0x74,0xed,0xd6,0x44,0xaa,0x18,0x95,0xb7,0x42,0x9e,
  0x8d,0x6d,0x74,0xb0,0x79,0x95,0xc3,0xaf,0x92,0x1f,0x1d,0xc1,0xc7,0xd9,0x44,0x21,
  0xc4,0xb2,0xa0,0x55,0xd2,0x75,0xe5,0xca,0x20,0x82,0xa6,0x52,0xe5,0x96,0x64,0x4,
  0x19,0x51,0x28,0xf4,0x6,0xa8,0x65,0x76,0x41,0x54,0xc2,0x44,0x4,0x61,0xd,0xae,
  0x38,0x57,0x77,0xbc,0x6a,0x59,0xa3,0x35,0xd1,0x9e,0xd,0xb7,0x6,0x64,0x46,0x28,
  0xd3,0x77,0x46,0x39,0xaf,0xd7,0xaf,0x77,0xef,0x23,0x78,0xe9,0xdb,0xd5,0xa2,0xa6,
  0x3f,0x9e,0x4e,0x51,0x3,0x29,0xac,0xac,0x87,0x3d,0xe0,0x5f,0x39,0xce,0x88,0x97,
  0x29,0xcc,0x73,0x8c,0xe1,0x6d,0x49,0x38,0x84,0x55,0xc5,0x97,0x34,0x2f,0x64,0x91,
  0xe3,0xa9,0x42,0xd2,0x62,0x54,0x1a,0x72,0x46,0xf6,0x23,0x68,0x2c,0x56,0x79,0xa6,
  0xf1,0xb0,0xd7,0xb8,0xa8,0x95,0xe8,0x4a,0xce,0x2b,0x3b,0x3d,0xb5,0x76,0x1c,0xa7,
  0x7a,0x55,0x3c,0x7f,0xb0,0x1,0xab,0xd2,0x87,0x5b,0xf0,0xbc,0x94,0x40,0x24,0xd6,
  0x92,0xf5,0xa6,0x29,0xca,0x39,0x7d,0xf8,0x29,0x8c,0xa9,0x88,0xc8,0xa1,0x10,0x40,
  0x51,0x51,0x53,0xe,0xab,0xe4,0xc3,0x8f,0xfa,0xe0,0xb6,0x42,0x95,0xb1,0xb4,0x68,
  0x7f,0xf0,0xba,0xee,0x80,0xf2,0xf7,0xaa,0x4c,0x41,0xd8,0x39,0xdd,0x98,0x3d,0x3c,
  0xb,0xce,0xde,0xbb,0x1d,0x70,0xd9,0x5c,0x84,0x9b,0xd6,0x9b,0x61,0xd9,0x8a,0x97,
  0xda,0x3b,0x2d,0x57,0x9f,0x47,0x66,0x89,0xaa,0x73,0xfa,0x1a,0x6f,0xf5,0x1a,0x97,
  0xb6,0xa,0xd4,0xde,0x38,0x17,0x1b,0x2a,0xae,0x42,0x9b,0xfb,0x51,0x77,0x24,0xb4,
  0x63,0x2a,0x8d,0xbb,0x32,0x76,0x8b,0xfc,0x13,0xbb,0x47,0xf3,0x90,0xa0,0x73,0x64,
  0xe1,0x34,0xbf,0xda,0x62,0x96,0xac,0xb0,0xf1,0xe3,0x48,0xf2,0x62,0x26,0x36,0xca,
  0xbc,0x63,0x94,0x1c,0x26,0x48,0x5d,0xdf,0x70,0x1f,0x9d,0xaa,0xe7,0x37,0x83,0x74,
  0xe3,0xed,0x13,0xc9,0xe3,0x2d,0x9c,0xb6,0x69,0x63,0x66,0xf8,0xfa,0x91,0xba,0xd0,
  0xc1,0x20,0xc,0xc2,0xa1,0xfb,0x88,0x78,0x3b,0x9,0x76,0xe6,0xf9,0xd6,0x4,0xaf,
  0x86,0x27,0xbd,0x93,0x91,0xbb,0x9b,0xe4,0x7e,0x5,0x7c,0x57,0x7e,0x9,0x76,0xba,
  0xfe,0x86,0xe5,0x6c,0xc2,0xcd,0xbf,0x36,0x1f,0xe,0x78,0xb3,0x9c,0x23,0x6b,0x9d,
  0x11,0xb4,0x3a,0x23,0x68,0x75,0x86,0xff,0x9f,0x77,0x46,0xf3,0xb2,0xdd,0xd2,0x86,
  0x4f,0xb6,0x50,0xfd,0x5c,0x7f,0x3c,0x1c,0x8e,0x8f,0xdd,0xbd,0x6a,0x33,0x4a,0xf1,
  0x46,0x49,0xe1,0xfc,0xe5,0xa1,0x15,0x77,0xf7,0xf7,0xf7,0x5f,0xae,0xb3,0x77,0xbe,
  0x8d,0x5e,0xef,0x1f,0xa8,0xfe,0x62,0x39,0xdf,0x17,0xce,0x1f,0x78,0x5d,0x55,0x7,
  
    // KmPage.qml
  0x0,0x0,0x3,0xfb,
  0x0,
  0x0,0xe,0xa2,0x78,0xda,0xb5,0x57,0xcd,0x6e,0xdb,0x46,0x10,0xbe,0xf3,0x29,0xb6,
  0x2c,0x90,0xca,0x68,0x42,0x9b,0x92,0xe5,0xa8,0x6a,0x5d,0xc0,0x91,0x65,0x58,0x75,
  0x9c,0x1f,0x2b,0x70,0xcf,0x2b,0x72,0x2c,0x6e,0xb4,0xdc,0x65,0x96,0x4b,0x2b,0x4e,
  0xa1,0xa7,0xc8,0x21,0x40,0x50,0xa0,0xb9,0x3a,0xe7,0xbe,0x81,0xde,0x24,0x4f,0xd0,
  0x47,0xe8,0x90,0x94,0x25,0x51,0x5c,0xda,0x92,0x8a,0xee,0x81,0x0,0x77,0x86,0xb3,
  0x33,0xdf,0x7c,0x33,0x3b,0x64,0x61,0x24,0x95,0x26,0xaf,0xf5,0xeb,0x84,0x79,0x23,
  0x52,0x77,0xdc,0xa6,0xc5,0xa,0x7b,0xce,0x73,0x7a,0x23,0x13,0x1d,0x13,0xd7,0x20,
  0xeb,0x48,0xa1,0x95,0xe4,0x71,0xe1,0x43,0xfb,0x6d,0xbc,0x7b,0x16,0xbe,0xa2,0x43,
  0x70,0xde,0xc6,0x36,0xa1,0x31,0x39,0xb,0x7f,0xeb,0x5b,0x56,0x4f,0x43,0x48,0xfe,
  0xb0,0x8,0x2e,0xe6,0xb7,0x49,0xc8,0x38,0xa0,0xce,0x85,0x94,0xba,0xaf,0x21,0xb2,
  0x32,0x41,0xa4,0x64,0x4,0x4a,0xdf,0x10,0x26,0x34,0xf1,0x12,0xa5,0x40,0xe8,0x4b,
  0x8,0x98,0xc7,0xe1,0x2c,0x6c,0x67,0x86,0x9c,0x21,0xe8,0xf3,0xfc,0xdb,0xda,0x98,
  0x9,0x5f,0x8e,0x9d,0x18,0x38,0x78,0x1a,0xfc,0x99,0xe6,0x4e,0x6e,0xab,0x23,0x79,
  0x12,0x8a,0xdc,0xfd,0xd9,0xb9,0xe9,0xa2,0xc2,0xb,0xa4,0x8a,0x9d,0x2b,0xc6,0x79,
  0x9b,0x44,0x34,0x3d,0xa2,0x24,0xc,0xa9,0x1a,0x32,0x11,0xb7,0x49,0x7d,0x6f,0x2e,
  0x8b,0x23,0xea,0x31,0x31,0xcc,0xf6,0xe6,0x9b,0xbb,0xbb,0xa4,0x2b,0x9e,0xe8,0xe9,
  0x57,0xd,0xf3,0xbd,0x37,0xf0,0x7e,0xf9,0xc0,0x74,0x69,0xdc,0x6a,0x13,0xfb,0x92,
  0x72,0xe6,0x53,0xcd,0xa4,0x20,0x23,0xc6,0x65,0x38,0xbd,0xd5,0xa,0xe3,0xb0,0xb,
  0xba,0x57,0x8,0xaa,0x33,0x90,0x1c,0x31,0xd2,0x2a,0x81,0xb2,0x2c,0x62,0xef,0x81,
  0xf7,0xd9,0x7,0x28,0xb8,0x97,0x2e,0x4f,0x72,0xa9,0xf0,0x9c,0xef,0xeb,0x7,0x8d,
  0x7a,0xa3,0xb5,0xb0,0x3b,0x29,0x78,0xdc,0xa1,0x4a,0x3,0xb9,0x9e,0xde,0x22,0x5c,
  0x9,0x5f,0x9c,0x70,0x81,0x28,0x52,0x31,0xe4,0xb0,0xe2,0x7d,0x8e,0x61,0x86,0xd8,
  0xef,0xcc,0xd7,0x81,0xc1,0xb1,0x0,0xd8,0x30,0xc0,0x10,0xeb,0x6e,0xd1,0x23,0x45,
  0x7d,0x96,0x20,0x8e,0xee,0x81,0xd1,0xd1,0x71,0xc0,0xf4,0x4a,0xf8,0x3,0xa9,0x7c,
  0x50,0xce,0x3c,0x94,0x6e,0xb6,0x8c,0x3a,0xe3,0xdc,0x19,0xd7,0x2a,0x8,0x31,0xc0,
  0x97,0xe1,0x40,0x15,0xfd,0xab,0xa,0xed,0x41,0x46,0xac,0x2a,0x69,0x19,0x9d,0x67,
  0xe4,0x68,0x93,0x46,0x49,0xe9,0x2e,0xda,0xdc,0x86,0x93,0xbf,0x96,0xb4,0xe6,0xa1,
  0xed,0x65,0xcb,0x2e,0x29,0xc8,0x94,0x69,0xfa,0xa6,0x4d,0xf6,0x9c,0xbd,0xfd,0x92,
  0xf4,0x43,0x9b,0x3c,0x71,0xb,0xbb,0x93,0x22,0x0,0x15,0xc4,0xdf,0x2a,0x5c,0x53,
  0x21,0x94,0xa,0xc2,0xad,0x5b,0x25,0x21,0x66,0xa1,0xe7,0x4d,0xff,0x16,0x26,0x9e,
  0xad,0x93,0x94,0x74,0xcd,0xf2,0xbb,0xdf,0x32,0x4a,0xef,0x28,0x57,0x21,0xbe,0xcb,
  0x45,0x7d,0xdf,0x28,0x5e,0xf0,0xab,0x71,0x52,0x3f,0x39,0xb6,0x8d,0x4a,0x33,0xe2,
  0x63,0xd5,0xe,0x45,0x88,0x30,0xb5,0xb1,0xf3,0x39,0x47,0xe9,0xdb,0x69,0x7,0x5f,
  0x41,0x59,0xc6,0xcf,0xc,0xd,0xc0,0x84,0xad,0x97,0x99,0xe8,0x89,0xca,0x24,0xac,
  0x74,0x8f,0x7f,0xfe,0xfa,0xfc,0xc9,0xae,0x54,0x2a,0xb5,0x86,0xba,0x51,0x75,0x62,
  0x95,0x77,0xac,0xd,0x2,0xc8,0x7d,0x31,0x37,0x5e,0xab,0xd2,0xaf,0x8a,0x76,0x56,
  0xe5,0xbb,0xdb,0xba,0x3f,0x67,0x6e,0xb7,0xd5,0xea,0x36,0xb7,0xcd,0xd9,0x1a,0x0,
  0x20,0x7b,0xfb,0xd3,0x5b,0x4c,0xb,0xd5,0x90,0xa8,0x8d,0x89,0xbb,0x46,0xc3,0x5c,
  0x65,0xb1,0xfb,0x0,0x4b,0xd,0x5d,0x70,0xdb,0xe4,0xd9,0xc7,0xa0,0x4,0x3,0x45,
  0x14,0xa6,0xf,0xab,0x93,0xe0,0x16,0xf9,0x71,0xf5,0x42,0x76,0x56,0xaf,0x5f,0x54,
  0xb1,0xc9,0x28,0xb4,0xd7,0xcb,0x60,0x63,0x6b,0x32,0xcc,0x63,0x6e,0xee,0x1f,0x74,
  0x9f,0x1e,0xfd,0x8f,0x59,0x3e,0x8a,0xa2,0x14,0xac,0x13,0x6,0xdc,0xaf,0x40,0x2c,
  0x9d,0x54,0x46,0x61,0x4f,0x44,0x89,0xb9,0x3c,0x23,0x4e,0x3d,0x8,0x30,0x20,0x50,
  0x6f,0x72,0x70,0x5f,0xc8,0xe4,0x1a,0x68,0x72,0xcf,0x5,0x3f,0xb7,0x9d,0x5a,0x3d,
  0x7,0x1d,0x48,0xff,0x14,0xe7,0x9d,0x38,0x8b,0xa1,0x17,0x6,0xc7,0x6c,0xc8,0x74,
  0xfc,0x52,0xf0,0x9b,0xff,0x42,0xae,0xcd,0x98,0x71,0xcd,0x62,0x36,0xe0,0x30,0xf,
  0xd6,0x49,0xa9,0x42,0xbe,0x3b,0x3c,0x24,0xb6,0x4d,0x1e,0x3d,0x4a,0x3b,0x54,0xc,
  0x3d,0xa1,0x6b,0xcb,0xf2,0x1d,0xf2,0xcb,0x83,0xac,0xb9,0x8f,0x87,0xdf,0x3e,0x7f,
  0x21,0xcf,0xa1,0x80,0x14,0xc1,0xb,0x23,0x2,0xbc,0xb7,0x22,0x9c,0x1b,0x71,0xaa,
  0x52,0x80,0x30,0x5d,0x4d,0x6f,0x15,0xc3,0x3a,0x24,0xd3,0x2f,0x84,0xff,0x80,0xed,
  0x93,0x81,0xb0,0x1f,0xa8,0x97,0x66,0xe3,0xa7,0x46,0x73,0x4d,0xae,0xba,0x5b,0x71,
  0x75,0x62,0x99,0xdf,0x96,0x80,0xcf,0x47,0xde,0xe5,0x8c,0x9d,0xce,0xca,0x3d,0xb5,
  0xb8,0x32,0x95,0x3d,0x43,0x1d,0x29,0x16,0xe3,0xc2,0x85,0x1c,0x1b,0xef,0xf0,0x35,
  0xf2,0x5f,0x79,0x33,0x23,0xe3,0x9f,0x25,0x1a,0x8f,0x31,0xd0,0x60,0x96,0x94,0xb,
  0xd0,0x32,0x51,0x65,0xe4,0x58,0xfc,0x4a,0x31,0x1c,0x7,0x70,0x2c,0xb9,0xa2,0x3c,
  0x2e,0xe3,0xb1,0x26,0x2f,0xa5,0xe8,0x70,0xfc,0x77,0x0,0x84,0x35,0xd6,0xd4,0x1b,
  0x5d,0x32,0x18,0x3b,0x91,0x8c,0x6a,0x3b,0xf7,0xcd,0x34,0x6b,0x38,0x9e,0xd,0xd7,
  0xd8,0xd5,0xbe,0xfd,0xf9,0xd1,0xde,0xd6,0x39,0x10,0x14,0xab,0xc0,0xdf,0xb4,0xc,
  0x7e,0x3d,0xdc,0xbc,0xe,0x96,0x70,0xa8,0x28,0x49,0xaa,0xd0,0x8d,0x3e,0xc5,0xca,
  0x24,0x87,0x15,0x27,0xff,0x5c,0x31,0x37,0x15,0x6e,0xe7,0xd9,0xdf,0x12,0x1a,0x99,
  0x99,0x33,0x7f,0x95,0xfd,0x5c,0x5d,0xe7,0x20,0x9e,0xa5,0x25,0x9,0x59,0x45,0xd6,
  0x66,0x1f,0x55,0x9c,0xb5,0xc8,0xa1,0x82,0xac,0x19,0xd6,0x44,0xc2,0xf9,0x63,0xbc,
  0x64,0x68,0x1c,0xc,0x24,0x55,0x7e,0xf6,0x27,0xf8,0x2e,0xe4,0xb6,0xc1,0x42,0x75,
  0xd,0xe5,0xcf,0x89,0xf5,0x2f,0x7,0x97,0xa5,0x20,
    // SessionPage.js
  0x0,0x0,0x8,0x64,
  0x2f,
  0x2a,0x2a,0xa,0x20,0x2a,0x20,0x40,0x66,0x69,0x6c,0x65,0x20,0x53,0x65,0x73,0x73,
  0x69,0x6f,0x6e,0x73,0x50,0x61,0x67,0x65,0x2e,0x6a,0x73,0xa,0x20,0x2a,0x20,0x40,
  0x62,0x72,0x69,0x65,0x66,0x20,0x46,0x6f,0x6e,0x63,0x74,0x69,0x6f,0x6e,0x73,0x20,
  0x75,0x74,0x69,0x6c,0x69,0x74,0x61,0x69,0x72,0x65,0x73,0x20,0x70,0x6f,0x75,0x72,
  0x20,0x6c,0x61,0x20,0x70,0x61,0x67,0x65,0x20,0x64,0x65,0x20,0x67,0x65,0x73,0x74,
  0x69,0x6f,0x6e,0x20,0x64,0x65,0x73,0x20,0x73,0x65,0x73,0x73,0x69,0x6f,0x6e,0x73,
  0x20,0x64,0x65,0x20,0x63,0x68,0x61,0x72,0x67,0x65,0x2e,0xa,0x20,0x2a,0x20,0x40,
  0x61,0x75,0x74,0x68,0x6f,0x72,0x20,0x43,0x6f,0x72,0x65,0x6e,0x74,0x69,0x6e,0xa,
  0x20,0x2a,0x20,0x40,0x76,0x65,0x72,0x73,0x69,0x6f,0x6e,0x20,0x31,0x2e,0x30,0xa,
  0x20,0x2a,0x20,0x40,0x64,0x61,0x74,0x65,0x20,0x41,0x76,0x72,0x69,0x6c,0x20,0x32,
  0x30,0x32,0x36,0xa,0x20,0x2a,0x2f,0xa,0xa,0x2f,0x2a,0x2a,0xa,0x20,0x2a,0x20,
  0x40,0x62,0x72,0x69,0x65,0x66,0x20,0x52,0x65,0x63,0x68,0x65,0x72,0x63,0x68,0x65,
  0x20,0x6c,0x27,0x69,0x6e,0x64,0x65,0x78,0x20,0x64,0x27,0x75,0x6e,0x65,0x20,0x76,
  0x61,0x6c,0x65,0x75,0x72,0x20,0x64,0x61,0x6e,0x73,0x20,0x75,0x6e,0x20,0x74,0x61,
  0x62,0x6c,0x65,0x61,0x75,0x2e,0xa,0x20,0x2a,0x20,0x40,0x70,0x61,0x72,0x61,0x6d,
  0x20,0x61,0x72,0x72,0x61,0x79,0x20,0x54,0x61,0x62,0x6c,0x65,0x61,0x75,0x20,0x64,
  0x61,0x6e,0x73,0x20,0x6c,0x65,0x71,0x75,0x65,0x6c,0x20,0x63,0x68,0x65,0x72,0x63,
  0x68,0x65,0x72,0x2e,0xa,0x20,0x2a,0x20,0x40,0x70,0x61,0x72,0x61,0x6d,0x20,0x76,
  0x61,0x6c,0x75,0x65,0x20,0x56,0x61,0x6c,0x65,0x75,0x72,0x20,0xc3,0xa0,0x20,0x72,
  0x65,0x63,0x68,0x65,0x72,0x63,0x68,0x65,0x72,0x2e,0xa,0x20,0x2a,0x20,0x40,0x72,
  0x65,0x74,0x75,0x72,0x6e,0x20,0x49,0x6e,0x64,0x65,0x78,0x20,0x64,0x65,0x20,0x6c,
  0x61,0x20,0x76,0x61,0x6c,0x65,0x75,0x72,0x20,0x73,0x69,0x20,0x74,0x72,0x6f,0x75,
  0x76,0xc3,0xa9,0x65,0x2c,0x20,0x30,0x20,0x73,0x69,0x6e,0x6f,0x6e,0x2e,0xa,0x20,
  0x2a,0x2f,0xa,0x66,0x75,0x6e,0x63,0x74,0x69,0x6f,0x6e,0x20,0x66,0x69,0x6e,0x64,
  0x49,0x6e,0x64,0x65,0x78,0x49,0x6e,0x41,0x72,0x72,0x61,0x79,0x28,0x61,0x72,0x72,
  0x61,0x79,0x2c,0x20,0x76,0x61,0x6c,0x75,0x65,0x29,0x20,0x7b,0xa,0x20,0x20,0x20,
  0x20,0x66,0x6f,0x72,0x20,0x28,0x76,0x61,0x72,0x20,0x69,0x20,0x3d,0x20,0x30,0x3b,
  0x20,0x69,0x20,0x3c,0x20,0x61,0x72,0x72,0x61,0x79,0x2e,0x6c,0x65,0x6e,0x67,0x74,
  0x68,0x3b,0x20,0x69,0x2b,0x2b,0x29,0x20,0x7b,0xa,0x20,0x20,0x20,0x20,0x20,0x20,
  0x20,0x20,0x69,0x66,0x20,0x28,0x61,0x72,0x72,0x61,0x79,0x5b,0x69,0x5d,0x20,0x3d,
  0x3d,0x3d,0x20,0x76,0x61,0x6c,0x75,0x65,0x29,0x20,0x7b,0x20,0x72,0x65,0x74,0x75,
  0x72,0x6e,0x20,0x69,0x3b,0x20,0x7d,0xa,0x20,0x20,0x20,0x20,0x7d,0xa,0x20,0x20,
  0x20,0x20,0x72,0x65,0x74,0x75,0x72,0x6e,0x20,0x30,0x3b,0xa,0x7d,0xa,0xa,0x2f,
  0x2a,0x2a,0xa,0x20,0x2a,0x20,0x40,0x62,0x72,0x69,0x65,0x66,0x20,0x41,0x6a,0x6f,
  0x75,0x74,0x65,0x20,0x6f,0x75,0x20,0x72,0x65,0x74,0x69,0x72,0x65,0x20,0x75,0x6e,
  0x20,0x6a,0x6f,0x75,0x72,0x20,0x64,0x61,0x6e,0x73,0x20,0x6c,0x61,0x20,0x6c,0x69,
  0x73,0x74,0x65,0x20,0x64,0x65,0x73,0x20,0x6a,0x6f,0x75,0x72,0x73,0x20,0x73,0xc3,
  0xa9,0x6c,0x65,0x63,0x74,0x69,0x6f,0x6e,0x6e,0xc3,0xa9,0x73,0x2e,0xa,0x20,0x2a,
  0x20,0x40,0x70,0x61,0x72,0x61,0x6d,0x20,0x74,0x65,0x6d,0x70,0x44,0x61,0x79,0x73,
  0x4c,0x69,0x73,0x74,0x20,0x4c,0x69,0x73,0x74,0x65,0x20,0x61,0x63,0x74,0x75,0x65,
  0x6c,0x6c,0x65,0x20,0x64,0x65,0x73,0x20,0x6a,0x6f,0x75,0x72,0x73,0x20,0x73,0xc3,
  0xa9,0x6c,0x65,0x63,0x74,0x69,0x6f,0x6e,0x6e,0xc3,0xa9,0x73,0x2e,0xa,0x20,0x2a,
  0x20,0x40,0x70,0x61,0x72,0x61,0x6d,0x20,0x64,0x61,0x79,0x53,0x74,0x72,0x20,0x4a,
  0x6f,0x75,0x72,0x20,0xc3,0xa0,0x20,0x61,0x6a,0x6f,0x75,0x74,0x65,0x72,0x20,0x6f,
  0x75,0x20,0x72,0x65,0x74,0x69,0x72,0x65,0x72,0x2e,0xa,0x20,0x2a,0x20,0x40,0x72,
  0x65,0x74,0x75,0x72,0x6e,0x20,0x4e,0x6f,0x75,0x76,0x65,0x6c,0x6c,0x65,0x20,0x6c,
  0x69,0x73,0x74,0x65,0x20,0x64,0x65,0x73,0x20,0x6a,0x6f,0x75,0x72,0x73,0x20,0x73,
  0xc3,0xa9,0x6c,0x65,0x63,0x74,0x69,0x6f,0x6e,0x6e,0xc3,0xa9,0x73,0x2e,0xa,0x20,
  0x2a,0x2f,0xa,0x66,0x75,0x6e,0x63,0x74,0x69,0x6f,0x6e,0x20,0x74,0x6f,0x67,0x67,
  0x6c,0x65,0x44,0x61,0x79,0x28,0x74,0x65,0x6d,0x70,0x44,0x61,0x79,0x73,0x4c,0x69,
  0x73,0x74,0x2c,0x20,0x64,0x61,0x79,0x53,0x74,0x72,0x29,0x20,0x7b,0xa,0x20,0x20,
  0x20,0x20,0x76,0x61,0x72,0x20,0x6c,0x69,0x73,0x74,0x20,0x3d,0x20,0x74,0x65,0x6d,
  0x70,0x44,0x61,0x79,0x73,0x4c,0x69,0x73,0x74,0x2e,0x73,0x6c,0x69,0x63,0x65,0x28,
  0x29,0x3b,0xa,0x20,0x20,0x20,0x20,0x76,0x61,0x72,0x20,0x69,0x64,0x78,0x20,0x3d,
  0x20,0x6c,0x69,0x73,0x74,0x2e,0x69,0x6e,0x64,0x65,0x78,0x4f,0x66,0x28,0x64,0x61,
  0x79,0x53,0x74,0x72,0x29,0x3b,0xa,0x20,0x20,0x20,0x20,0x69,0x66,0x20,0x28,0x69,
  0x64,0x78,0x20,0x21,0x3d,0x3d,0x20,0x2d,0x31,0x29,0x20,0x7b,0xa,0x20,0x20,0x20,
  0x20,0x20,0x20,0x20,0x20,0x6c,0x69,0x73,0x74,0x2e,0x73,0x70,0x6c,0x69,0x63,0x65,
  0x28,0x69,0x64,0x78,0x2c,0x20,0x31,0x29,0x3b,0xa,0x20,0x20,0x20,0x20,0x7d,0x20,
  0x65,0x6c,0x73,0x65,0x20,0x7b,0xa,0x20,0x20,0x20,0x20,0x20,0x20,0x20,0x20,0x6c,
  0x69,0x73,0x74,0x2e,0x70,0x75,0x73,0x68,0x28,0x64,0x61,0x79,0x53,0x74,0x72,0x29,
  0x3b,0xa,0x20,0x20,0x20,0x20,0x7d,0xa,0x20,0x20,0x20,0x20,0x72,0x65,0x74,0x75,
  0x72,0x6e,0x20,0x6c,0x69,0x73,0x74,0x3b,0xa,0x7d,0xa,0xa,0x2f,0x2a,0x2a,0xa,
  0x20,0x2a,0x20,0x40,0x62,0x72,0x69,0x65,0x66,0x20,0x56,0xc3,0xa9,0x72,0x69,0x66,
  0x69,0x65,0x20,0x73,0x69,0x20,0x75,0x6e,0x20,0x6a,0x6f,0x75,0x72,0x20,0x65,0x73,
  0x74,0x20,0x73,0xc3,0xa9,0x6c,0x65,0x63,0x74,0x69,0x6f,0x6e,0x6e,0xc3,0xa9,0x2e,
  0xa,0x20,0x2a,0x20,0x40,0x70,0x61,0x72,0x61,0x6d,0x20,0x74,0x65,0x6d,0x70,0x44,
  0x61,0x79,0x73,0x4c,0x69,0x73,0x74,0x20,0x4c,0x69,0x73,0x74,0x65,0x20,0x64,0x65,
  0x73,0x20,0x6a,0x6f,0x75,0x72,0x73,0x20,0x73,0xc3,0xa9,0x6c,0x65,0x63,0x74,0x69,
  0x6f,0x6e,0x6e,0xc3,0xa9,0x73,0x2e,0xa,0x20,0x2a,0x20,0x40,0x70,0x61,0x72,0x61,
  0x6d,0x20,0x64,0x61,0x79,0x53,0x74,0x72,0x20,0x4a,0x6f,0x75,0x72,0x20,0xc3,0xa0,
  0x20,0x76,0xc3,0xa9,0x72,0x69,0x66,0x69,0x65,0x72,0x2e,0xa,0x20,0x2a,0x20,0x40,
  0x72,0x65,0x74,0x75,0x72,0x6e,0x20,0x74,0x72,0x75,0x65,0x20,0x73,0x69,0x20,0x6c,
  0x65,0x20,0x6a,0x6f,0x75,0x72,0x20,0x65,0x73,0x74,0x20,0x73,0xc3,0xa9,0x6c,0x65,
  0x63,0x74,0x69,0x6f,0x6e,0x6e,0xc3,0xa9,0x2c,0x20,0x66,0x61,0x6c,0x73,0x65,0x20,
  0x73,0x69,0x6e,0x6f,0x6e,0x2e,0xa,0x20,0x2a,0x2f,0xa,0x66,0x75,0x6e,0x63,0x74,
  0x69,0x6f,0x6e,0x20,0x69,0x73,0x44,0x61,0x79,0x53,0x65,0x6c,0x65,0x63,0x74,0x65,
  0x64,0x28,0x74,0x65,0x6d,0x70,0x44,0x61,0x79,0x73,0x4c,0x69,0x73,0x74,0x2c,0x20,
  0x64,0x61,0x79,0x53,0x74,0x72,0x29,0x20,0x7b,0xa,0x20,0x20,0x20,0x20,0x72,0x65,
  0x74,0x75,0x72,0x6e,0x20,0x74,0x65,0x6d,0x70,0x44,0x61,0x79,0x73,0x4c,0x69,0x73,
  0x74,0x2e,0x69,0x6e,0x64,0x65,0x78,0x4f,0x66,0x28,0x64,0x61,0x79,0x53,0x74,0x72,
  0x29,0x20,0x21,0x3d,0x3d,0x20,0x2d,0x31,0x3b,0xa,0x7d,0xa,0xa,0x2f,0x2a,0x2a,
  0xa,0x20,0x2a,0x20,0x40,0x62,0x72,0x69,0x65,0x66,0x20,0x43,0x6f,0x6e,0x76,0x65,
  0x72,0x74,0x69,0x74,0x20,0x6c,0x61,0x20,0x6c,0x69,0x73,0x74,0x65,0x20,0x64,0x65,
  0x73,0x20,0x6a,0x6f,0x75,0x72,0x73,0x20,0x65,0x6e,0x20,0x63,0x68,0x61,0xc3,0xae,
  0x6e,0x65,0x20,0x64,0x65,0x20,0x63,0x61,0x72,0x61,0x63,0x74,0xc3,0xa8,0x72,0x65,
  0x73,0x2e,0xa,0x20,0x2a,0x20,0x40,0x70,0x61,0x72,0x61,0x6d,0x20,0x74,0x65,0x6d,
  0x70,0x44,0x61,0x79,0x73,0x4c,0x69,0x73,0x74,0x20,0x4c,0x69,0x73,0x74,0x65,0x20,
  0x64,0x65,0x73,0x20,0x6a,0x6f,0x75,0x72,0x73,0x20,0x73,0xc3,0xa9,0x6c,0x65,0x63,
  0x74,0x69,0x6f,0x6e,0x6e,0xc3,0xa9,0x73,0x2e,0xa,0x20,0x2a,0x20,0x40,0x72,0x65,
  0x74,0x75,0x72,0x6e,0x20,0x43,0x68,0x61,0xc3,0xae,0x6e,0x65,0x20,0x64,0x65,0x73,
  0x20,0x6a,0x6f,0x75,0x72,0x73,0x20,0x73,0xc3,0xa9,0x70,0x61,0x72,0xc3,0xa9,0x73,
  0x20,0x70,0x61,0x72,0x20,0x64,0x65,0x73,0x20,0x76,0x69,0x72,0x67,0x75,0x6c,0x65,
  0x73,0x20,0x28,0x65,0x78,0x20,0x3a,0x20,0x22,0x4c,0x75,0x6e,0x2c,0x20,0x4d,0x61,
  0x72,0x22,0x29,0x2e,0xa,0x20,0x2a,0x2f,0xa,0x66,0x75,0x6e,0x63,0x74,0x69,0x6f,
  0x6e,0x20,0x67,0x65,0x74,0x44,0x61,0x79,0x73,0x53,0x74,0x72,0x69,0x6e,0x67,0x28,
  0x74,0x65,0x6d,0x70,0x44,0x61,0x79,0x73,0x4c,0x69,0x73,0x74,0x29,0x20,0x7b,0xa,
  0x20,0x20,0x20,0x20,0x72,0x65,0x74,0x75,0x72,0x6e,0x20,0x74,0x65,0x6d,0x70,0x44,
  0x61,0x79,0x73,0x4c,0x69,0x73,0x74,0x2e,0x6a,0x6f,0x69,0x6e,0x28,0x22,0x2c,0x20,
  0x22,0x29,0x3b,0xa,0x7d,0xa,0xa,0x2f,0x2a,0x2a,0xa,0x20,0x2a,0x20,0x40,0x62,
  0x72,0x69,0x65,0x66,0x20,0x43,0x61,0x6c,0x63,0x75,0x6c,0x65,0x20,0x6c,0x27,0x68,
  0x65,0x75,0x72,0x65,0x20,0x64,0x65,0x20,0x66,0x69,0x6e,0x20,0x65,0x6e,0x20,0x61,
  0x6a,0x6f,0x75,0x74,0x61,0x6e,0x74,0x20,0x6c,0x65,0x20,0x73,0x75,0x66,0x66,0x69,
  0x78,0x65,0x20,0x22,0x28,0x6c,0x65,0x6e,0x64,0x65,0x6d,0x61,0x69,0x6e,0x29,0x22,
  0x20,0x73,0x69,0x20,0x6e,0xc3,0xa9,0x63,0x65,0x73,0x73,0x61,0x69,0x72,0x65,0x2e,
  0xa,0x20,0x2a,0x20,0x40,0x70,0x61,0x72,0x61,0x6d,0x20,0x73,0x74,0x61,0x72,0x74,
  0x53,0x74,0x72,0x20,0x48,0x65,0x75,0x72,0x65,0x20,0x64,0x65,0x20,0x64,0xc3,0xa9,
  0x62,0x75,0x74,0x20,0x61,0x75,0x20,0x66,0x6f,0x72,0x6d,0x61,0x74,0x20,0x22,0x48,
  0x48,0x3a,0x4d,0x4d,0x22,0x2e,0xa,0x20,0x2a,0x20,0x40,0x70,0x61,0x72,0x61,0x6d,
  0x20,0x65,0x6e,0x64,0x53,0x74,0x72,0x20,0x48,0x65,0x75,0x72,0x65,0x20,0x64,0x65,
  0x20,0x66,0x69,0x6e,0x20,0x61,0x75,0x20,0x66,0x6f,0x72,0x6d,0x61,0x74,0x20,0x22,
  0x48,0x48,0x3a,0x4d,0x4d,0x22,0x2e,0xa,0x20,0x2a,0x20,0x40,0x72,0x65,0x74,0x75,
  0x72,0x6e,0x20,0x48,0x65,0x75,0x72,0x65,0x20,0x64,0x65,0x20,0x66,0x69,0x6e,0x20,
  0x61,0x76,0x65,0x63,0x20,0x73,0x75,0x66,0x66,0x69,0x78,0x65,0x20,0x73,0x69,0x20,
  0x6c,0x61,0x20,0x66,0x69,0x6e,0x20,0x65,0x73,0x74,0x20,0x6c,0x65,0x20,0x6c,0x65,
  0x6e,0x64,0x65,0x6d,0x61,0x69,0x6e,0x2e,0xa,0x20,0x2a,0x2f,0xa,0x66,0x75,0x6e,
  0x63,0x74,0x69,0x6f,0x6e,0x20,0x63,0x61,0x6c,0x63,0x75,0x6c,0x65,0x72,0x48,0x65,
  0x75,0x72,0x65,0x46,0x69,0x6e,0x28,0x73,0x74,0x61,0x72,0x74,0x53,0x74,0x72,0x2c,
  0x20,0x65,0x6e,0x64,0x53,0x74,0x72,0x29,0x20,0x7b,0xa,0x20,0x20,0x20,0x20,0x76,
  0x61,0x72,0x20,0x73,0x74,0x61,0x72,0x74,0x48,0x6f,0x75,0x72,0x20,0x3d,0x20,0x70,
  0x61,0x72,0x73,0x65,0x49,0x6e,0x74,0x28,0x73,0x74,0x61,0x72,0x74,0x53,0x74,0x72,
  0x2e,0x73,0x75,0x62,0x73,0x74,0x72,0x69,0x6e,0x67,0x28,0x30,0x2c,0x20,0x32,0x29,
  0x29,0x3b,0xa,0x20,0x20,0x20,0x20,0x76,0x61,0x72,0x20,0x65,0x6e,0x64,0x48,0x6f,
  0x75,0x72,0x20,0x3d,0x20,0x70,0x61,0x72,0x73,0x65,0x49,0x6e,0x74,0x28,0x65,0x6e,
  0x64,0x53,0x74,0x72,0x2e,0x73,0x75,0x62,0x73,0x74,0x72,0x69,0x6e,0x67,0x28,0x30,
  0x2c,0x20,0x32,0x29,0x29,0x3b,0xa,0x20,0x20,0x20,0x20,0x76,0x61,0x72,0x20,0x66,
  0x69,0x6e,0x61,0x6c,0x45,0x6e,0x64,0x53,0x74,0x72,0x20,0x3d,0x20,0x65,0x6e,0x64,
  0x53,0x74,0x72,0x3b,0xa,0x20,0x20,0x20,0x20,0x69,0x66,0x20,0x28,0x65,0x6e,0x64,
  0x48,0x6f,0x75,0x72,0x20,0x3c,0x20,0x73,0x74,0x61,0x72,0x74,0x48,0x6f,0x75,0x72,
  0x29,0x20,0x7b,0xa,0x20,0x20,0x20,0x20,0x20,0x20,0x20,0x20,0x66,0x69,0x6e,0x61,
  0x6c,0x45,0x6e,0x64,0x53,0x74,0x72,0x20,0x3d,0x20,0x65,0x6e,0x64,0x53,0x74,0x72,
  0x20,0x2b,0x20,0x22,0x20,0x28,0x6c,0x65,0x6e,0x64,0x65,0x6d,0x61,0x69,0x6e,0x29,
  0x22,0x3b,0xa,0x20,0x20,0x20,0x20,0x7d,0xa,0x20,0x20,0x20,0x20,0x72,0x65,0x74,
  0x75,0x72,0x6e,0x20,0x66,0x69,0x6e,0x61,0x6c,0x45,0x6e,0x64,0x53,0x74,0x72,0x3b,
  0xa,0x7d,0xa,
    // BootPage.js
  0x0,0x0,0x2,0x3e,
  0x0,
  0x0,0x9,0x5,0x78,0xda,0xcd,0x95,0xcf,0x6e,0xda,0x40,0x10,0xc6,0xef,0x3c,0xc5,
  0xc8,0x3d,0xf0,0x47,0x15,0x10,0x8,0x29,0x56,0x84,0x54,0x6c,0xec,0x53,0xe,0x51,
  0xdb,0x17,0x58,0xec,0x35,0x6c,0xb5,0xec,0x5a,0xeb,0xdd,0xa8,0x55,0x94,0xf7,0x29,
  0xf7,0xbe,0x81,0x5f,0x2c,0xe3,0x5d,0x3,0xa6,0x54,0x15,0x24,0x52,0x85,0x85,0xc1,
  0x3b,0x78,0xe6,0xfb,0xe6,0x67,0x7b,0x3c,0xe8,0xf5,0x5a,0xd0,0x83,0xcf,0x19,0xe3,
  0x14,0x2,0x29,0xf5,0x23,0x59,0xd1,0xfe,0xf7,0xc2,0x6,0x97,0x8a,0xd1,0xc,0x62,
  0x29,0x12,0xcd,0xa4,0x28,0xc0,0x68,0xc6,0x99,0x26,0x4c,0xd1,0x2,0x72,0x69,0x14,
  0xf0,0x36,0xc9,0x32,0x96,0xac,0x31,0x7,0x52,0xa,0x9c,0x40,0x5e,0x1f,0xa6,0xe5,
  0x76,0x43,0x94,0xaa,0x8a,0xd9,0x52,0xc4,0xe8,0xb5,0x54,0x10,0x4a,0x45,0x85,0x66,
  0xc2,0xc6,0x9e,0xa8,0x2a,0xb0,0x2e,0xdc,0xf4,0x87,0x76,0x9d,0x12,0x4d,0x61,0xfe,
  0xa4,0x18,0x87,0xd1,0x70,0x74,0x87,0xb1,0x41,0xab,0x35,0xa8,0xd,0x3a,0x2f,0x5f,
  0xa8,0x46,0x5d,0x61,0xa5,0x12,0x69,0x38,0x45,0x13,0xa8,0x96,0x49,0x91,0xd6,0x6,
  0x96,0x44,0x8,0x56,0xfe,0x52,0x68,0xa1,0x4d,0x38,0x55,0x58,0xb2,0xa0,0x1c,0x55,
  0xb0,0x3f,0xfd,0x33,0xaf,0xed,0xe4,0x44,0x91,0x8d,0x5d,0xc3,0xb7,0xea,0x6b,0x7f,
  0x6e,0xc7,0x2b,0x8c,0xc2,0x86,0xd4,0x8a,0x7a,0x20,0xd,0x78,0x9a,0x6e,0x72,0xaa,
  0x88,0x36,0x8a,0x7a,0x5d,0x97,0xac,0x28,0xae,0x4,0xf6,0xe2,0xf4,0xd7,0xf4,0x7,
  0xc1,0x76,0x13,0xb6,0xc1,0x1a,0x7d,0xeb,0x3a,0x33,0xe,0x19,0xd8,0xaa,0x95,0x42,
  0x28,0xb9,0x54,0x9d,0x4a,0xb0,0xb,0xcf,0x2d,0xc0,0x8d,0x65,0x60,0xd7,0x30,0x9b,
  0xcd,0xa0,0xa1,0xda,0xc5,0xff,0x9e,0xa1,0xd6,0xf0,0x3e,0xc4,0x71,0xb8,0x58,0x8c,
  0xbc,0x7b,0x78,0xf9,0x4b,0xd6,0x91,0xb9,0xe3,0xac,0x68,0x18,0x1c,0xb2,0xf6,0xf1,
  0x68,0x1c,0x8f,0xe2,0x85,0x77,0xdf,0x7a,0x39,0x93,0xec,0x52,0xaa,0xd4,0x58,0x98,
  0x46,0xd8,0x95,0xd8,0xf1,0x2c,0xaa,0x5d,0xa3,0xb6,0x6e,0x22,0x75,0x11,0xf8,0xea,
  0x7e,0xea,0x4b,0x62,0xb3,0x3a,0x5e,0x84,0xcc,0x5c,0x8f,0x1f,0xc1,0x7b,0x54,0x72,
  0x85,0x9,0x9b,0x72,0xeb,0x38,0x2f,0x58,0x91,0x4b,0xc1,0x96,0xfc,0x2d,0x98,0xad,
  0x6a,0x11,0xa0,0x57,0xaa,0x1c,0x69,0xe7,0xa3,0xc9,0xba,0x76,0x66,0xb9,0x1d,0x9c,
  0x1c,0x51,0x8b,0x62,0x7f,0xee,0xcf,0x8f,0x58,0x37,0xb3,0x1a,0x96,0x8f,0xd2,0xfc,
  0x61,0x38,0x8f,0xfd,0x53,0xd8,0xe1,0x34,0xba,0xb,0xfd,0xb3,0x61,0x1b,0x7c,0xa6,
  0x98,0xb0,0xd0,0x6a,0xd5,0x6,0xf4,0x6b,0x61,0xbc,0x90,0xfa,0x3d,0x80,0x27,0x63,
  0x7f,0x3c,0xb9,0x18,0xf0,0x4d,0x34,0x9d,0x46,0x93,0x53,0xc0,0xb7,0xe3,0xf9,0xf0,
  0xf6,0xd3,0xbf,0x1,0xe3,0x87,0x2d,0x29,0xe7,0xe5,0x16,0xf,0x8a,0xaa,0x77,0x8b,
  0x75,0x8f,0xf8,0xbf,0xf0,0x7d,0xd8,0x59,0xc0,0x8b,0x7c,0x78,0x66,0x4e,0xe0,0x3e,
  0x10,0x3c,0xed,0x4d,0x64,0x31,0x5a,0x8f,0x8f,0xb,0xd9,0x36,0xc2,0x7f,0xe2,0x6d,
  0x74,0x73,0xfe,0xbc,0xd8,0x4f,0xe2,0x36,0x4b,0xca,0xdf,0xe2,0xda,0x7,0x7,0x4b,
  0xa4,0x8,0x56,0xef,0xb8,0xa3,0x71,0xd0,0x6,0x51,0x74,0xf1,0x1d,0xbd,0x9b,0xc3,
  0x27,0xf3,0x79,0x1a,0x4f,0x22,0xff,0x62,0xde,0x6,0x5f,0x7b,0xa9,0x7b,0xf1,0x5e,
  0xef,0xe8,0x8,0x2a,0x8b,0x57,0x89,0xfa,0x15,0x3b,0xc6,0xe5,0x1e,
    // StatusPage.js
  0x0,0x0,0xc,0xf4,
  0x2f,
  0x2a,0x2a,0xa,0x20,0x2a,0x20,0x40,0x66,0x69,0x6c,0x65,0x20,0x53,0x74,0x61,0x74,
  0x75,0x73,0x50,0x61,0x67,0x65,0x2e,0x6a,0x73,0xa,0x20,0x2a,0x20,0x40,0x62,0x72,
  0x69,0x65,0x66,0x20,0x46,0x6f,0x6e,0x63,0x74,0x69,0x6f,0x6e,0x73,0x20,0x75,0x74,
  0x69,0x6c,0x69,0x74,0x61,0x69,0x72,0x65,0x73,0x20,0x70,0x6f,0x75,0x72,0x20,0x6c,
  0x61,0x20,0x70,0x61,0x67,0x65,0x20,0x64,0x65,0x20,0x73,0x75,0x69,0x76,0x69,0x20,
  0x65,0x6e,0x20,0x74,0x65,0x6d,0x70,0x73,0x20,0x72,0xc3,0xa9,0x65,0x6c,0x20,0x64,
  0x65,0x20,0x6c,0x61,0x20,0x62,0x6f,0x72,0x6e,0x65,0x2e,0xa,0x20,0x2a,0x20,0x40,
  0x61,0x75,0x74,0x68,0x6f,0x72,0x20,0x43,0x6f,0x72,0x65,0x6e,0x74,0x69,0x6e,0xa,
  0x20,0x2a,0x20,0x40,0x76,0x65,0x72,0x73,0x69,0x6f,0x6e,0x20,0x31,0x2e,0x30,0xa,
  0x20,0x2a,0x20,0x40,0x64,0x61,0x74,0x65,0x20,0x41,0x76,0x72,0x69,0x6c,0x20,0x32,
  0x30,0x32,0x36,0xa,0x20,0x2a,0x2f,0xa,0xa,0x2f,0x2a,0x2a,0xa,0x20,0x2a,0x20,
  0x40,0x62,0x72,0x69,0x65,0x66,0x20,0x46,0x6f,0x72,0x6d,0x61,0x74,0x65,0x20,0x75,
  0x6e,0x20,0x6e,0x6f,0x6d,0x62,0x72,0x65,0x20,0x64,0x65,0x20,0x73,0x65,0x63,0x6f,
  0x6e,0x64,0x65,0x73,0x20,0x65,0x6e,0x20,0x63,0x68,0x61,0xc3,0xae,0x6e,0x65,0x20,
  0x22,0x4d,0x4d,0x3a,0x53,0x53,0x22,0x2e,0xa,0x20,0x2a,0x20,0x40,0x70,0x61,0x72,
  0x61,0x6d,0x20,0x74,0x6f,0x74,0x61,0x6c,0x53,0x65,0x63,0x6f,0x6e,0x64,0x73,0x20,
  0x44,0x75,0x72,0xc3,0xa9,0x65,0x20,0x74,0x6f,0x74,0x61,0x6c,0x65,0x20,0x65,0x6e,
  0x20,0x73,0x65,0x63,0x6f,0x6e,0x64,0x65,0x73,0x2e,0xa,0x20,0x2a,0x20,0x40,0x72,
  0x65,0x74,0x75,0x72,0x6e,0x20,0x43,0x68,0x61,0xc3,0xae,0x6e,0x65,0x20,0x66,0x6f,
  0x72,0x6d,0x61,0x74,0xc3,0xa9,0x65,0x20,0x28,0x65,0x78,0x20,0x3a,0x20,0x22,0x30,
  0x38,0x3a,0x30,0x35,0x22,0x29,0x2e,0xa,0x20,0x2a,0x2f,0xa,0x66,0x75,0x6e,0x63,
  0x74,0x69,0x6f,0x6e,0x20,0x66,0x6f,0x72,0x6d,0x61,0x74,0x65,0x72,0x54,0x65,0x6d,
  0x70,0x73,0x28,0x74,0x6f,0x74,0x61,0x6c,0x53,0x65,0x63,0x6f,0x6e,0x64,0x73,0x29,
  0x20,0x7b,0xa,0x20,0x20,0x20,0x20,0x76,0x61,0x72,0x20,0x6d,0x20,0x3d,0x20,0x4d,
  0x61,0x74,0x68,0x2e,0x66,0x6c,0x6f,0x6f,0x72,0x28,0x74,0x6f,0x74,0x61,0x6c,0x53,
  0x65,0x63,0x6f,0x6e,0x64,0x73,0x20,0x2f,0x20,0x36,0x30,0x29,0x3b,0xa,0x20,0x20,
  0x20,0x20,0x76,0x61,0x72,0x20,0x73,0x20,0x3d,0x20,0x74,0x6f,0x74,0x61,0x6c,0x53,
  0x65,0x63,0x6f,0x6e,0x64,0x73,0x20,0x25,0x20,0x36,0x30,0x3b,0xa,0x20,0x20,0x20,
  0x20,0x76,0x61,0x72,0x20,0x6d,0x6d,0x20,0x3d,0x20,0x22,0x22,0x3b,0xa,0x20,0x20,
  0x20,0x20,0x76,0x61,0x72,0x20,0x73,0x73,0x20,0x3d,0x20,0x22,0x22,0x3b,0xa,0x20,
  0x20,0x20,0x20,0x69,0x66,0x20,0x28,0x6d,0x20,0x3c,0x20,0x31,0x30,0x29,0x20,0x7b,
  0x20,0x6d,0x6d,0x20,0x3d,0x20,0x22,0x30,0x22,0x20,0x2b,0x20,0x6d,0x3b,0x20,0x7d,
  0x20,0x65,0x6c,0x73,0x65,0x20,0x7b,0x20,0x6d,0x6d,0x20,0x3d,0x20,0x53,0x74,0x72,
  0x69,0x6e,0x67,0x28,0x6d,0x29,0x3b,0x20,0x7d,0xa,0x20,0x20,0x20,0x20,0x69,0x66,
  0x20,0x28,0x73,0x20,0x3c,0x20,0x31,0x30,0x29,0x20,0x7b,0x20,0x73,0x73,0x20,0x3d,
  0x20,0x22,0x30,0x22,0x20,0x2b,0x20,0x73,0x3b,0x20,0x7d,0x20,0x65,0x6c,0x73,0x65,
  0x20,0x7b,0x20,0x73,0x73,0x20,0x3d,0x20,0x53,0x74,0x72,0x69,0x6e,0x67,0x28,0x73,
  0x29,0x3b,0x20,0x7d,0xa,0x20,0x20,0x20,0x20,0x72,0x65,0x74,0x75,0x72,0x6e,0x20,
  0x6d,0x6d,0x20,0x2b,0x20,0x22,0x3a,0x22,0x20,0x2b,0x20,0x73,0x73,0x3b,0xa,0x7d,
  0xa,0xa,0x2f,0x2a,0x2a,0xa,0x20,0x2a,0x20,0x40,0x62,0x72,0x69,0x65,0x66,0x20,
  0x52,0x65,0x74,0x6f,0x75,0x72,0x6e,0x65,0x20,0x6c,0x61,0x20,0x63,0x6f,0x75,0x6c,
  0x65,0x75,0x72,0x20,0x64,0x75,0x20,0x74,0x65,0x78,0x74,0x65,0x20,0x73,0x65,0x6c,
  0x6f,0x6e,0x20,0x6c,0x65,0x20,0x73,0x74,0x61,0x74,0x75,0x74,0x20,0x64,0x65,0x20,
  0x6c,0x61,0x20,0x62,0x6f,0x72,0x6e,0x65,0x2e,0xa,0x20,0x2a,0x20,0x40,0x70,0x61,
  0x72,0x61,0x6d,0x20,0x73,0x74,0x61,0x74,0x75,0x74,0x20,0x53,0x74,0x61,0x74,0x75,
  0x74,0x20,0x64,0x65,0x20,0x6c,0x61,0x20,0x62,0x6f,0x72,0x6e,0x65,0x20,0x28,0x22,
  0x45,0x6e,0x20,0x43,0x68,0x61,0x72,0x67,0x65,0x22,0x2c,0x20,0x22,0x50,0x72,0x6f,
  0x67,0x72,0x61,0x6d,0x6d,0xc3,0xa9,0x22,0x20,0x6f,0x75,0x20,0x61,0x75,0x74,0x72,
  0x65,0x29,0x2e,0xa,0x20,0x2a,0x20,0x40,0x72,0x65,0x74,0x75,0x72,0x6e,0x20,0x43,
  0x6f,0x75,0x6c,0x65,0x75,0x72,0x20,0x68,0x65,0x78,0x61,0x64,0xc3,0xa9,0x63,0x69,
  0x6d,0x61,0x6c,0x65,0x2e,0xa,0x20,0x2a,0x2f,0xa,0x66,0x75,0x6e,0x63,0x74,0x69,
  0x6f,0x6e,0x20,0x73,0x74,0x61,0x74,0x75,0x73,0x43,0x6f,0x6c,0x6f,0x72,0x28,0x73,
  0x74,0x61,0x74,0x75,0x74,0x29,0x20,0x7b,0xa,0x20,0x20,0x20,0x20,0x69,0x66,0x20,
  0x28,0x73,0x74,0x61,0x74,0x75,0x74,0x20,0x3d,0x3d,0x3d,0x20,0x22,0x45,0x6e,0x20,
  0x43,0x68,0x61,0x72,0x67,0x65,0x22,0x29,0x20,0x7b,0x20,0x72,0x65,0x74,0x75,0x72,
  0x6e,0x20,0x22,0x23,0x32,0x45,0x37,0x44,0x33,0x32,0x22,0x3b,0x20,0x7d,0xa,0x20,
  0x20,0x20,0x20,0x69,0x66,0x20,0x28,0x73,0x74,0x61,0x74,0x75,0x74,0x20,0x3d,0x3d,
  0x3d,0x20,0x22,0x50,0x72,0x6f,0x67,0x72,0x61,0x6d,0x6d,0xc3,0xa9,0x22,0x29,0x20,
  0x7b,0x20,0x72,0x65,0x74,0x75,0x72,0x6e,0x20,0x22,0x23,0x31,0x35,0x36,0x35,0x43,
  0x30,0x22,0x3b,0x20,0x7d,0xa,0x20,0x20,0x20,0x20,0x72,0x65,0x74,0x75,0x72,0x6e,
  0x20,0x22,0x23,0x35,0x34,0x36,0x45,0x37,0x41,0x22,0x3b,0xa,0x7d,0xa,0xa,0x2f,
  0x2a,0x2a,0xa,0x20,0x2a,0x20,0x40,0x62,0x72,0x69,0x65,0x66,0x20,0x52,0x65,0x74,
  0x6f,0x75,0x72,0x6e,0x65,0x20,0x6c,0x61,0x20,0x63,0x6f,0x75,0x6c,0x65,0x75,0x72,
  0x20,0x64,0x65,0x20,0x66,0x6f,0x6e,0x64,0x20,0x73,0x65,0x6c,0x6f,0x6e,0x20,0x6c,
  0x65,0x20,0x73,0x74,0x61,0x74,0x75,0x74,0x20,0x64,0x65,0x20,0x6c,0x61,0x20,0x62,
  0x6f,0x72,0x6e,0x65,0x2e,0xa,0x20,0x2a,0x20,0x40,0x70,0x61,0x72,0x61,0x6d,0x20,
  0x73,0x74,0x61,0x74,0x75,0x74,0x20,0x53,0x74,0x61,0x74,0x75,0x74,0x20,0x64,0x65,
  0x20,0x6c,0x61,0x20,0x62,0x6f,0x72,0x6e,0x65,0x20,0x28,0x22,0x45,0x6e,0x20,0x43,
  0x68,0x61,0x72,0x67,0x65,0x22,0x2c,0x20,0x22,0x50,0x72,0x6f,0x67,0x72,0x61,0x6d,
  0x6d,0xc3,0xa9,0x22,0x20,0x6f,0x75,0x20,0x61,0x75,0x74,0x72,0x65,0x29,0x2e,0xa,
  0x20,0x2a,0x20,0x40,0x72,0x65,0x74,0x75,0x72,0x6e,0x20,0x43,0x6f,0x75,0x6c,0x65,
  0x75,0x72,0x20,0x68,0x65,0x78,0x61,0x64,0xc3,0xa9,0x63,0x69,0x6d,0x61,0x6c,0x65,
  0x2e,0xa,0x20,0x2a,0x2f,0xa,0x66,0x75,0x6e,0x63,0x74,0x69,0x6f,0x6e,0x20,0x73,
  0x74,0x61,0x74,0x75,0x73,0x42,0x67,0x43,0x6f,0x6c,0x6f,0x72,0x28,0x73,0x74,0x61,
  0x74,0x75,0x74,0x29,0x20,0x7b,0xa,0x20,0x20,0x20,0x20,0x69,0x66,0x20,0x28,0x73,
  0x74,0x61,0x74,0x75,0x74,0x20,0x3d,0x3d,0x3d,0x20,0x22,0x45,0x6e,0x20,0x43,0x68,
  0x61,0x72,0x67,0x65,0x22,0x29,0x20,0x7b,0x20,0x72,0x65,0x74,0x75,0x72,0x6e,0x20,
  0x22,0x23,0x45,0x38,0x46,0x35,0x45,0x39,0x22,0x3b,0x20,0x7d,0xa,0x20,0x20,0x20,
  0x20,0x69,0x66,0x20,0x28,0x73,0x74,0x61,0x74,0x75,0x74,0x20,0x3d,0x3d,0x3d,0x20,
  0x22,0x50,0x72,0x6f,0x67,0x72,0x61,0x6d,0x6d,0xc3,0xa9,0x22,0x29,0x20,0x7b,0x20,
  0x72,0x65,0x74,0x75,0x72,0x6e,0x20,0x22,0x23,0x45,0x33,0x46,0x32,0x46,0x44,0x22,
  0x3b,0x20,0x7d,0xa,0x20,0x20,0x20,0x20,0x72,0x65,0x74,0x75,0x72,0x6e,0x20,0x22,
  0x23,0x45,0x43,0x45,0x46,0x46,0x31,0x22,0x3b,0xa,0x7d,0xa,0xa,0x2f,0x2a,0x2a,
  0xa,0x20,0x2a,0x20,0x40,0x62,0x72,0x69,0x65,0x66,0x20,0x52,0x65,0x74,0x6f,0x75,
  0x72,0x6e,0x65,0x20,0x6c,0x27,0x69,0x63,0xc3,0xb4,0x6e,0x65,0x20,0x73,0x65,0x6c,
  0x6f,0x6e,0x20,0x6c,0x65,0x20,0x73,0x74,0x61,0x74,0x75,0x74,0x20,0x64,0x65,0x20,
  0x6c,0x61,0x20,0x62,0x6f,0x72,0x6e,0x65,0x2e,0xa,0x20,0x2a,0x20,0x40,0x70,0x61,
  0x72,0x61,0x6d,0x20,0x73,0x74,0x61,0x74,0x75,0x74,0x20,0x53,0x74,0x61,0x74,0x75,
  0x74,0x20,0x64,0x65,0x20,0x6c,0x61,0x20,0x62,0x6f,0x72,0x6e,0x65,0x20,0x28,0x22,
  0x45,0x6e,0x20,0x43,0x68,0x61,0x72,0x67,0x65,0x22,0x2c,0x20,0x22,0x50,0x72,0x6f,
  0x67,0x72,0x61,0x6d,0x6d,0xc3,0xa9,0x22,0x20,0x6f,0x75,0x20,0x61,0x75,0x74,0x72,
  0x65,0x29,0x2e,0xa,0x20,0x2a,0x20,0x40,0x72,0x65,0x74,0x75,0x72,0x6e,0x20,0x43,
  0x61,0x72,0x61,0x63,0x74,0xc3,0xa8,0x72,0x65,0x20,0x65,0x6d,0x6f,0x6a,0x69,0x20,
  0x72,0x65,0x70,0x72,0xc3,0xa9,0x73,0x65,0x6e,0x74,0x61,0x6e,0x74,0x20,0x6c,0x65,
  0x20,0x73,0x74,0x61,0x74,0x75,0x74,0x2e,0xa,0x20,0x2a,0x2f,0xa,0x66,0x75,0x6e,
  0x63,0x74,0x69,0x6f,0x6e,0x20,0x73,0x74,0x61,0x74,0x75,0x73,0x49,0x63,0x6f,0x6e,
  0x28,0x73,0x74,0x61,0x74,0x75,0x74,0x29,0x20,0x7b,0xa,0x20,0x20,0x20,0x20,0x69,
  0x66,0x20,0x28,0x73,0x74,0x61,0x74,0x75,0x74,0x20,0x3d,0x3d,0x3d,0x20,0x22,0x45,
  0x6e,0x20,0x43,0x68,0x61,0x72,0x67,0x65,0x22,0x29,0x20,0x7b,0x20,0x72,0x65,0x74,
  0x75,0x72,0x6e,0x20,0x22,0xe2,0x9a,0xa1,0x22,0x3b,0x20,0x7d,0xa,0x20,0x20,0x20,
  0x20,0x69,0x66,0x20,0x28,0x73,0x74,0x61,0x74,0x75,0x74,0x20,0x3d,0x3d,0x3d,0x20,
  0x22,0x50,0x72,0x6f,0x67,0x72,0x61,0x6d,0x6d,0xc3,0xa9,0x22,0x29,0x20,0x7b,0x20,
  0x72,0x65,0x74,0x75,0x72,0x6e,0x20,0x22,0xf0,0x9f,0x93,0x85,0x22,0x3b,0x20,0x7d,
  0xa,0x20,0x20,0x20,0x20,0x72,0x65,0x74,0x75,0x72,0x6e,0x20,0x22,0xf0,0x9f,0x94,
  0x8c,0x22,0x3b,0xa,0x7d,0xa,0xa,0x2f,0x2a,0x2a,0xa,0x20,0x2a,0x20,0x40,0x62,
  0x72,0x69,0x65,0x66,0x20,0x52,0x65,0x74,0x6f,0x75,0x72,0x6e,0x65,0x20,0x6c,0x61,
  0x20,0x63,0x6f,0x75,0x6c,0x65,0x75,0x72,0x20,0x64,0x65,0x20,0x62,0x6f,0x72,0x64,
  0x75,0x72,0x65,0x20,0x73,0x65,0x6c,0x6f,0x6e,0x20,0x6c,0x65,0x20,0x73,0x74,0x61,
  0x74,0x75,0x74,0x20,0x64,0x65,0x20,0x6c,0x61,0x20,0x62,0x6f,0x72,0x6e,0x65,0x2e,
  0xa,0x20,0x2a,0x20,0x40,0x70,0x61,0x72,0x61,0x6d,0x20,0x73,0x74,0x61,0x74,0x75,
  0x74,0x20,0x53,0x74,0x61,0x74,0x75,0x74,0x20,0x64,0x65,0x20,0x6c,0x61,0x20,0x62,
  0x6f,0x72,0x6e,0x65,0x20,0x28,0x22,0x45,0x6e,0x20,0x43,0x68,0x61,0x72,0x67,0x65,
  0x22,0x2c,0x20,0x22,0x50,0x72,0x6f,0x67,0x72,0x61,0x6d,0x6d,0xc3,0xa9,0x22,0x20,
  0x6f,0x75,0x20,0x61,0x75,0x74,0x72,0x65,0x29,0x2e,0xa,0x20,0x2a,0x20,0x40,0x72,
  0x65,0x74,0x75,0x72,0x6e,0x20,0x43,0x6f,0x75,0x6c,0x65,0x75,0x72,0x20,0x68,0x65,
  0x78,0x61,0x64,0xc3,0xa9,0x63,0x69,0x6d,0x61,0x6c,0x65,0x2e,0xa,0x20,0x2a,0x2f,
  0xa,0x66,0x75,0x6e,0x63,0x74,0x69,0x6f,0x6e,0x20,0x73,0x74,0x61,0x74,0x75,0x73,
  0x42,0x6f,0x72,0x64,0x65,0x72,0x43,0x6f,0x6c,0x6f,0x72,0x28,0x73,0x74,0x61,0x74,
  0x75,0x74,0x29,0x20,0x7b,0xa,0x20,0x20,0x20,0x20,0x69,0x66,0x20,0x28,0x73,0x74,
  0x61,0x74,0x75,0x74,0x20,0x3d,0x3d,0x3d,0x20,0x22,0x45,0x6e,0x20,0x43,0x68,0x61,
  0x72,0x67,0x65,0x22,0x29,0x20,0x7b,0x20,0x72,0x65,0x74,0x75,0x72,0x6e,0x20,0x22,
  0x23,0x41,0x35,0x44,0x36,0x41,0x37,0x22,0x3b,0x20,0x7d,0xa,0x20,0x20,0x20,0x20,
  0x69,0x66,0x20,0x28,0x73,0x74,0x61,0x74,0x75,0x74,0x20,0x3d,0x3d,0x3d,0x20,0x22,
  0x50,0x72,0x6f,0x67,0x72,0x61,0x6d,0x6d,0xc3,0xa9,0x22,0x29,0x20,0x7b,0x20,0x72,
  0x65,0x74,0x75,0x72,0x6e,0x20,0x22,0x23,0x39,0x30,0x43,0x41,0x46,0x39,0x22,0x3b,
  0x20,0x7d,0xa,0x20,0x20,0x20,0x20,0x72,0x65,0x74,0x75,0x72,0x6e,0x20,0x22,0x23,
  0x42,0x30,0x42,0x45,0x43,0x35,0x22,0x3b,0xa,0x7d,0xa,0xa,0x2f,0x2a,0x2a,0xa,
  0x20,0x2a,0x20,0x40,0x62,0x72,0x69,0x65,0x66,0x20,0x52,0x65,0x74,0x6f,0x75,0x72,
  0x6e,0x65,0x20,0x6c,0x65,0x20,0x6d,0x65,0x73,0x73,0x61,0x67,0x65,0x20,0x61,0x66,
  0x66,0x69,0x63,0x68,0xc3,0xa9,0x20,0x73,0x65,0x6c,0x6f,0x6e,0x20,0x6c,0x65,0x20,
  0x73,0x74,0x61,0x74,0x75,0x74,0x20,0x64,0x65,0x20,0x6c,0x61,0x20,0x62,0x6f,0x72,
  0x6e,0x65,0x2e,0xa,0x20,0x2a,0x20,0x40,0x70,0x61,0x72,0x61,0x6d,0x20,0x73,0x74,
  0x61,0x74,0x75,0x74,0x20,0x53,0x74,0x61,0x74,0x75,0x74,0x20,0x64,0x65,0x20,0x6c,
  0x61,0x20,0x62,0x6f,0x72,0x6e,0x65,0x20,0x28,0x22,0x50,0x72,0x6f,0x67,0x72,0x61,
  0x6d,0x6d,0xc3,0xa9,0x22,0x20,0x6f,0x75,0x20,0x61,0x75,0x74,0x72,0x65,0x29,0x2e,
  0xa,0x20,0x2a,0x20,0x40,0x72,0x65,0x74,0x75,0x72,0x6e,0x20,0x4d,0x65,0x73,0x73,
  0x61,0x67,0x65,0x20,0x64,0x65,0x73,0x63,0x72,0x69,0x70,0x74,0x69,0x66,0x20,0x64,
  0x75,0x20,0x73,0x74,0x61,0x74,0x75,0x74,0x2e,0xa,0x20,0x2a,0x2f,0xa,0x66,0x75,
  0x6e,0x63,0x74,0x69,0x6f,0x6e,0x20,0x73,0x74,0x61,0x74,0x75,0x73,0x4d,0x65,0x73,
  0x73,0x61,0x67,0x65,0x28,0x73,0x74,0x61,0x74,0x75,0x74,0x29,0x20,0x7b,0xa,0x20,
  0x20,0x20,0x20,0x69,0x66,0x20,0x28,0x73,0x74,0x61,0x74,0x75,0x74,0x20,0x3d,0x3d,
  0x3d,0x20,0x22,0x50,0x72,0x6f,0x67,0x72,0x61,0x6d,0x6d,0xc3,0xa9,0x22,0x29,0x20,
  0x7b,0x20,0x72,0x65,0x74,0x75,0x72,0x6e,0x20,0x22,0x43,0x68,0x61,0x72,0x67,0x65,
  0x20,0x70,0x72,0x6f,0x67,0x72,0x61,0x6d,0x6d,0xc3,0xa9,0x65,0x22,0x3b,0x20,0x7d,
  0xa,0x20,0x20,0x20,0x20,0x72,0x65,0x74,0x75,0x72,0x6e,0x20,0x22,0x42,0x6f,0x72,
  0x6e,0x65,0x20,0x64,0x69,0x73,0x70,0x6f,0x6e,0x69,0x62,0x6c,0x65,0x22,0x3b,0xa,
  0x7d,0xa,0xa,0x2f,0x2a,0x2a,0xa,0x20,0x2a,0x20,0x40,0x62,0x72,0x69,0x65,0x66,
  0x20,0x52,0x65,0x74,0x6f,0x75,0x72,0x6e,0x65,0x20,0x6c,0x65,0x20,0x74,0x65,0x78,
  0x74,0x65,0x20,0x64,0x75,0x20,0x62,0x6f,0x75,0x74,0x6f,0x6e,0x20,0x73,0x65,0x6c,
  0x6f,0x6e,0x20,0x6c,0x65,0x20,0x73,0x74,0x61,0x74,0x75,0x74,0x20,0x64,0x65,0x20,
  0x6c,0x61,0x20,0x62,0x6f,0x72,0x6e,0x65,0x2e,0xa,0x20,0x2a,0x20,0x40,0x70,0x61,
  0x72,0x61,0x6d,0x20,0x73,0x74,0x61,0x74,0x75,0x74,0x20,0x53,0x74,0x61,0x74,0x75,
  0x74,0x20,0x64,0x65,0x20,0x6c,0x61,0x20,0x62,0x6f,0x72,0x6e,0x65,0x20,0x28,0x22,
  0x45,0x6e,0x20,0x43,0x68,0x61,0x72,0x67,0x65,0x22,0x20,0x6f,0x75,0x20,0x61,0x75,
  0x74,0x72,0x65,0x29,0x2e,0xa,0x20,0x2a,0x20,0x40,0x72,0x65,0x74,0x75,0x72,0x6e,
  0x20,0x54,0x65,0x78,0x74,0x65,0x20,0x64,0x75,0x20,0x62,0x6f,0x75,0x74,0x6f,0x6e,
  0x20,0x64,0x27,0x61,0x63,0x74,0x69,0x6f,0x6e,0x2e,0xa,0x20,0x2a,0x2f,0xa,0x66,
  0x75,0x6e,0x63,0x74,0x69,0x6f,0x6e,0x20,0x62,0x75,0x74,0x74,0x6f,0x6e,0x54,0x65,
  0x78,0x74,0x28,0x73,0x74,0x61,0x74,0x75,0x74,0x29,0x20,0x7b,0xa,0x20,0x20,0x20,
  0x20,0x69,0x66,0x20,0x28,0x73,0x74,0x61,0x74,0x75,0x74,0x20,0x3d,0x3d,0x3d,0x20,
  0x22,0x45,0x6e,0x20,0x43,0x68,0x61,0x72,0x67,0x65,0x22,0x29,0x20,0x7b,0x20,0x72,
  0x65,0x74,0x75,0x72,0x6e,0x20,0x22,0xe2,0x8f,0xb9,0x20,0x20,0x41,0x72,0x72,0xc3,
  0xaa,0x74,0x65,0x72,0x20,0x6c,0x61,0x20,0x63,0x68,0x61,0x72,0x67,0x65,0x22,0x3b,
  0x20,0x7d,0xa,0x20,0x20,0x20,0x20,0x72,0x65,0x74,0x75,0x72,0x6e,0x20,0x22,0xe2,
  0x96,0xb6,0x20,0x20,0x4c,0x61,0x6e,0x63,0x65,0x72,0x20,0x6c,0x61,0x20,0x63,0x68,
  0x61,0x72,0x67,0x65,0x22,0x3b,0xa,0x7d,0xa,0xa,0x2f,0x2a,0x2a,0xa,0x20,0x2a,
  0x20,0x40,0x62,0x72,0x69,0x65,0x66,0x20,0x49,0x6e,0x64,0x69,0x71,0x75,0x65,0x20,
  0x73,0x69,0x20,0x6c,0x65,0x20,0x62,0x6f,0x75,0x74,0x6f,0x6e,0x20,0x64,0x6f,0x69,
  0x74,0x20,0xc3,0xaa,0x74,0x72,0x65,0x20,0x65,0x6e,0x20,0x6d,0x6f,0x64,0x65,0x20,
  0x70,0x72,0x69,0x6d,0x61,0x69,0x72,0x65,0x2e,0xa,0x20,0x2a,0x20,0x40,0x70,0x61,
  0x72,0x61,0x6d,0x20,0x73,0x74,0x61,0x74,0x75,0x74,0x20,0x53,0x74,0x61,0x74,0x75,
  0x74,0x20,0x64,0x65,0x20,0x6c,0x61,0x20,0x62,0x6f,0x72,0x6e,0x65,0x20,0x28,0x22,
  0x45,0x6e,0x20,0x43,0x68,0x61,0x72,0x67,0x65,0x22,0x20,0x6f,0x75,0x20,0x61,0x75,
  0x74,0x72,0x65,0x29,0x2e,0xa,0x20,0x2a,0x20,0x40,0x72,0x65,0x74,0x75,0x72,0x6e,
  0x20,0x66,0x61,0x6c,0x73,0x65,0x20,0x73,0x69,0x20,0x65,0x6e,0x20,0x63,0x68,0x61,
  0x72,0x67,0x65,0x2c,0x20,0x74,0x72,0x75,0x65,0x20,0x73,0x69,0x6e,0x6f,0x6e,0x2e,
  0xa,0x20,0x2a,0x2f,0xa,0x66,0x75,0x6e,0x63,0x74,0x69,0x6f,0x6e,0x20,0x62,0x75,
  0x74,0x74,0x6f,0x6e,0x50,0x72,0x69,0x6d,0x61,0x72,0x79,0x28,0x73,0x74,0x61,0x74,
  0x75,0x74,0x29,0x20,0x7b,0xa,0x20,0x20,0x20,0x20,0x69,0x66,0x20,0x28,0x73,0x74,
  0x61,0x74,0x75,0x74,0x20,0x3d,0x3d,0x3d,0x20,0x22,0x45,0x6e,0x20,0x43,0x68,0x61,
  0x72,0x67,0x65,0x22,0x29,0x20,0x7b,0x20,0x72,0x65,0x74,0x75,0x72,0x6e,0x20,0x66,
  0x61,0x6c,0x73,0x65,0x3b,0x20,0x7d,0xa,0x20,0x20,0x20,0x20,0x72,0x65,0x74,0x75,
  0x72,0x6e,0x20,0x74,0x72,0x75,0x65,0x3b,0xa,0x7d,0xa,0xa,0x2f,0x2a,0x2a,0xa,
  0x20,0x2a,0x20,0x40,0x62,0x72,0x69,0x65,0x66,0x20,0x56,0xc3,0xa9,0x72,0x69,0x66,
  0x69,0x65,0x20,0x73,0x69,0x20,0x6c,0x61,0x20,0x62,0x6f,0x72,0x6e,0x65,0x20,0x61,
  0x63,0x74,0x69,0x76,0x65,0x20,0x61,0x20,0x64,0x65,0x73,0x20,0x73,0x65,0x73,0x73,
  0x69,0x6f,0x6e,0x73,0x20,0x70,0x72,0x6f,0x67,0x72,0x61,0x6d,0x6d,0xc3,0xa9,0x65,
  0x73,0x2e,0xa,0x20,0x2a,0x20,0x40,0x72,0x65,0x74,0x75,0x72,0x6e,0x20,0x74,0x72,
  0x75,0x65,0x20,0x73,0x69,0x20,0x61,0x75,0x20,0x6d,0x6f,0x69,0x6e,0x73,0x20,0x75,
  0x6e,0x65,0x20,0x73,0x65,0x73,0x73,0x69,0x6f,0x6e,0x20,0x65,0x78,0x69,0x73,0x74,
  0x65,0x20,0x70,0x6f,0x75,0x72,0x20,0x6c,0x61,0x20,0x62,0x6f,0x72,0x6e,0x65,0x2e,
  0xa,0x20,0x2a,0x2f,0xa,0x66,0x75,0x6e,0x63,0x74,0x69,0x6f,0x6e,0x20,0x76,0x65,
  0x72,0x69,0x66,0x69,0x65,0x72,0x53,0x65,0x73,0x73,0x69,0x6f,0x6e,0x73,0x28,0x29,
  0x20,0x7b,0xa,0x20,0x20,0x20,0x20,0x76,0x61,0x72,0x20,0x68,0x61,0x73,0x53,0x65,
  0x73,0x73,0x69,0x6f,0x6e,0x73,0x20,0x3d,0x20,0x66,0x61,0x6c,0x73,0x65,0x3b,0xa,
  0x20,0x20,0x20,0x20,0x66,0x6f,0x72,0x20,0x28,0x76,0x61,0x72,0x20,0x6b,0x20,0x3d,
  0x20,0x30,0x3b,0x20,0x6b,0x20,0x3c,0x20,0x73,0x65,0x73,0x73,0x69,0x6f,0x6e,0x73,
  0x4d,0x6f,0x64,0x65,0x6c,0x2e,0x63,0x6f,0x75,0x6e,0x74,0x3b,0x20,0x6b,0x2b,0x2b,
  0x29,0x20,0x7b,0xa,0x20,0x20,0x20,0x20,0x20,0x20,0x20,0x20,0x69,0x66,0x20,0x28,
  0x73,0x65,0x73,0x73,0x69,0x6f,0x6e,0x73,0x4d,0x6f,0x64,0x65,0x6c,0x2e,0x67,0x65,
  0x74,0x28,0x6b,0x29,0x2e,0x73,0x74,0x61,0x74,0x69,0x6f,0x6e,0x20,0x3d,0x3d,0x3d,
  0x20,0x77,0x69,0x6e,0x64,0x6f,0x77,0x2e,0x61,0x63,0x74,0x69,0x76,0x65,0x53,0x74,
  0x61,0x74,0x69,0x6f,0x6e,0x29,0x20,0x7b,0xa,0x20,0x20,0x20,0x20,0x20,0x20,0x20,
  0x20,0x20,0x20,0x20,0x20,0x68,0x61,0x73,0x53,0x65,0x73,0x73,0x69,0x6f,0x6e,0x73,
  0x20,0x3d,0x20,0x74,0x72,0x75,0x65,0x3b,0xa,0x20,0x20,0x20,0x20,0x20,0x20,0x20,
  0x20,0x7d,0xa,0x20,0x20,0x20,0x20,0x7d,0xa,0x20,0x20,0x20,0x20,0x72,0x65,0x74,
  0x75,0x72,0x6e,0x20,0x68,0x61,0x73,0x53,0x65,0x73,0x73,0x69,0x6f,0x6e,0x73,0x3b,
  0xa,0x7d,0xa,
    // KmPage.js
  0x0,0x0,0x4,0x53,
  0x2f,
  0x2a,0x2a,0xa,0x20,0x2a,0x20,0x40,0x66,0x69,0x6c,0x65,0x20,0x4b,0x6d,0x50,0x61,
  0x67,0x65,0x2e,0x6a,0x73,0xa,0x20,0x2a,0x20,0x40,0x62,0x72,0x69,0x65,0x66,0x20,
  0x46,0x6f,0x6e,0x63,0x74,0x69,0x6f,0x6e,0x73,0x20,0x75,0x74,0x69,0x6c,0x69,0x74,
  0x61,0x69,0x72,0x65,0x73,0x20,0x70,0x6f,0x75,0x72,0x20,0x6c,0x61,0x20,0x70,0x61,
  0x67,0x65,0x20,0x64,0x65,0x20,0x76,0x61,0x6c,0x69,0x64,0x61,0x74,0x69,0x6f,0x6e,
  0x20,0x64,0x75,0x20,0x6b,0x69,0x6c,0x6f,0x6d,0xc3,0xa9,0x74,0x72,0x61,0x67,0x65,
  0x2e,0xa,0x20,0x2a,0x20,0x40,0x61,0x75,0x74,0x68,0x6f,0x72,0x20,0x43,0x6f,0x72,
  0x65,0x6e,0x74,0x69,0x6e,0xa,0x20,0x2a,0x20,0x40,0x76,0x65,0x72,0x73,0x69,0x6f,
  0x6e,0x20,0x31,0x2e,0x30,0xa,0x20,0x2a,0x20,0x40,0x64,0x61,0x74,0x65,0x20,0x41,
  0x76,0x72,0x69,0x6c,0x20,0x32,0x30,0x32,0x36,0xa,0x20,0x2a,0x2f,0xa,0xa,0x2f,
  0x2a,0x2a,0xa,0x20,0x2a,0x20,0x40,0x62,0x72,0x69,0x65,0x66,0x20,0x52,0xc3,0xa9,
  0x63,0x75,0x70,0xc3,0xa8,0x72,0x65,0x20,0x6c,0x65,0x20,0x6b,0x69,0x6c,0x6f,0x6d,
  0xc3,0xa9,0x74,0x72,0x61,0x67,0x65,0x20,0x61,0x63,0x74,0x75,0x65,0x6c,0x20,0x64,
  0x27,0x75,0x6e,0x20,0x76,0xc3,0xa9,0x68,0x69,0x63,0x75,0x6c,0x65,0x20,0x64,0x65,
  0x70,0x75,0x69,0x73,0x20,0x6c,0x65,0x20,0x6d,0x6f,0x64,0xc3,0xa8,0x6c,0x65,0x2e,
  0xa,0x20,0x2a,0x20,0x40,0x70,0x61,0x72,0x61,0x6d,0x20,0x76,0x4e,0x61,0x6d,0x65,
  0x20,0x4e,0x6f,0x6d,0x20,0x64,0x75,0x20,0x76,0xc3,0xa9,0x68,0x69,0x63,0x75,0x6c,
  0x65,0x20,0x72,0x65,0x63,0x68,0x65,0x72,0x63,0x68,0xc3,0xa9,0x2e,0xa,0x20,0x2a,
  0x20,0x40,0x72,0x65,0x74,0x75,0x72,0x6e,0x20,0x4b,0x69,0x6c,0x6f,0x6d,0xc3,0xa9,
  0x74,0x72,0x61,0x67,0x65,0x20,0x61,0x63,0x74,0x75,0x65,0x6c,0x20,0x64,0x75,0x20,
  0x76,0xc3,0xa9,0x68,0x69,0x63,0x75,0x6c,0x65,0x2c,0x20,0x30,0x20,0x73,0x69,0x20,
  0x6e,0x6f,0x6e,0x20,0x74,0x72,0x6f,0x75,0x76,0xc3,0xa9,0x2e,0xa,0x20,0x2a,0x2f,
  0xa,0x66,0x75,0x6e,0x63,0x74,0x69,0x6f,0x6e,0x20,0x67,0x65,0x74,0x4d,0x69,0x6c,
  0x65,0x61,0x67,0x65,0x28,0x76,0x4e,0x61,0x6d,0x65,0x29,0x20,0x7b,0xa,0x20,0x20,
  0x20,0x20,0x76,0x61,0x72,0x20,0x6b,0x6d,0x56,0x61,0x6c,0x20,0x3d,0x20,0x30,0x3b,
  0xa,0x20,0x20,0x20,0x20,0x66,0x6f,0x72,0x20,0x28,0x76,0x61,0x72,0x20,0x69,0x20,
  0x3d,0x20,0x30,0x3b,0x20,0x69,0x20,0x3c,0x20,0x76,0x65,0x68,0x69,0x63,0x6c,0x65,
  0x73,0x4d,0x6f,0x64,0x65,0x6c,0x2e,0x63,0x6f,0x75,0x6e,0x74,0x3b,0x20,0x69,0x2b,
  0x2b,0x29,0x20,0x7b,0xa,0x20,0x20,0x20,0x20,0x20,0x20,0x20,0x20,0x76,0x61,0x72,
  0x20,0x69,0x74,0x65,0x6d,0x20,0x3d,0x20,0x76,0x65,0x68,0x69,0x63,0x6c,0x65,0x73,
  0x4d,0x6f,0x64,0x65,0x6c,0x2e,0x67,0x65,0x74,0x28,0x69,0x29,0x3b,0xa,0x20,0x20,
  0x20,0x20,0x20,0x20,0x20,0x20,0x69,0x66,0x20,0x28,0x69,0x74,0x65,0x6d,0x2e,0x6e,
  0x61,0x6d,0x65,0x20,0x3d,0x3d,0x3d,0x20,0x76,0x4e,0x61,0x6d,0x65,0x29,0x20,0x7b,
  0xa,0x20,0x20,0x20,0x20,0x20,0x20,0x20,0x20,0x20,0x20,0x20,0x20,0x6b,0x6d,0x56,
  0x61,0x6c,0x20,0x3d,0x20,0x70,0x61,0x72,0x73,0x65,0x49,0x6e,0x74,0x28,0x69,0x74,
  0x65,0x6d,0x2e,0x6b,0x6d,0x29,0x3b,0xa,0x20,0x20,0x20,0x20,0x20,0x20,0x20,0x20,
  0x7d,0xa,0x20,0x20,0x20,0x20,0x7d,0xa,0x20,0x20,0x20,0x20,0x72,0x65,0x74,0x75,
  0x72,0x6e,0x20,0x6b,0x6d,0x56,0x61,0x6c,0x3b,0xa,0x7d,0xa,0xa,0x2f,0x2a,0x2a,
  0xa,0x20,0x2a,0x20,0x40,0x62,0x72,0x69,0x65,0x66,0x20,0x4d,0x65,0x74,0x20,0xc3,
  0xa0,0x20,0x6a,0x6f,0x75,0x72,0x20,0x6c,0x65,0x20,0x6b,0x69,0x6c,0x6f,0x6d,0xc3,
  0xa9,0x74,0x72,0x61,0x67,0x65,0x20,0x64,0x27,0x75,0x6e,0x20,0x76,0xc3,0xa9,0x68,
  0x69,0x63,0x75,0x6c,0x65,0x20,0x64,0x61,0x6e,0x73,0x20,0x6c,0x65,0x20,0x6d,0x6f,
  0x64,0xc3,0xa8,0x6c,0x65,0x20,0x65,0x74,0x20,0x73,0x75,0x72,0x20,0x6c,0x65,0x20,
  0x73,0x65,0x72,0x76,0x65,0x75,0x72,0x2e,0xa,0x20,0x2a,0x20,0x40,0x70,0x61,0x72,
  0x61,0x6d,0x20,0x6b,0x6d,0x53,0x61,0x69,0x73,0x69,0x20,0x4e,0x6f,0x75,0x76,0x65,
  0x61,0x75,0x20,0x6b,0x69,0x6c,0x6f,0x6d,0xc3,0xa9,0x74,0x72,0x61,0x67,0x65,0x20,
  0x73,0x61,0x69,0x73,0x69,0x20,0x70,0x61,0x72,0x20,0x6c,0x27,0x75,0x74,0x69,0x6c,
  0x69,0x73,0x61,0x74,0x65,0x75,0x72,0x2e,0xa,0x20,0x2a,0x2f,0xa,0x66,0x75,0x6e,
  0x63,0x74,0x69,0x6f,0x6e,0x20,0x76,0x61,0x6c,0x69,0x64,0x65,0x72,0x4b,0x69,0x6c,
  0x6f,0x6d,0x65,0x74,0x72,0x61,0x67,0x65,0x28,0x6b,0x6d,0x53,0x61,0x69,0x73,0x69,
  0x29,0x20,0x7b,0xa,0x20,0x20,0x20,0x20,0x66,0x6f,0x72,0x20,0x28,0x76,0x61,0x72,
  0x20,0x76,0x20,0x3d,0x20,0x30,0x3b,0x20,0x76,0x20,0x3c,0x20,0x76,0x65,0x68,0x69,
  0x63,0x6c,0x65,0x73,0x4d,0x6f,0x64,0x65,0x6c,0x2e,0x63,0x6f,0x75,0x6e,0x74,0x3b,
  0x20,0x76,0x2b,0x2b,0x29,0x20,0x7b,0xa,0x20,0x20,0x20,0x20,0x20,0x20,0x20,0x20,
  0x76,0x61,0x72,0x20,0x76,0x49,0x74,0x65,0x6d,0x20,0x3d,0x20,0x76,0x65,0x68,0x69,
  0x63,0x6c,0x65,0x73,0x4d,0x6f,0x64,0x65,0x6c,0x2e,0x67,0x65,0x74,0x28,0x76,0x29,
  0x3b,0xa,0x20,0x20,0x20,0x20,0x20,0x20,0x20,0x20,0x69,0x66,0x20,0x28,0x76,0x49,
  0x74,0x65,0x6d,0x2e,0x6e,0x61,0x6d,0x65,0x20,0x3d,0x3d,0x3d,0x20,0x77,0x69,0x6e,
  0x64,0x6f,0x77,0x2e,0x73,0x65,0x6c,0x65,0x63,0x74,0x65,0x64,0x56,0x65,0x68,0x69,
  0x63,0x6c,0x65,0x29,0x20,0x7b,0xa,0x20,0x20,0x20,0x20,0x20,0x20,0x20,0x20,0x20,
  0x20,0x20,0x20,0x76,0x65,0x68,0x69,0x63,0x6c,0x65,0x73,0x4d,0x6f,0x64,0x65,0x6c,
  0x2e,0x73,0x65,0x74,0x50,0x72,0x6f,0x70,0x65,0x72,0x74,0x79,0x28,0x76,0x2c,0x20,
  0x22,0x6b,0x6d,0x22,0x2c,0x20,0x6b,0x6d,0x53,0x61,0x69,0x73,0x69,0x2e,0x74,0x6f,
  0x53,0x74,0x72,0x69,0x6e,0x67,0x28,0x29,0x29,0x3b,0xa,0x20,0x20,0x20,0x20,0x20,
  0x20,0x20,0x20,0x20,0x20,0x20,0x20,0x63,0x6f,0x6d,0x6d,0x52,0x61,0x73,0x70,0x69,
  0x2e,0x6d,0x6f,0x64,0x69,0x66,0x69,0x65,0x72,0x4b,0x69,0x6c,0x6f,0x6d,0x65,0x74,
  0x72,0x61,0x67,0x65,0x28,0x76,0x49,0x74,0x65,0x6d,0x2e,0x76,0x65,0x68,0x69,0x63,
  0x6c,0x65,0x49,0x64,0x2c,0x20,0x6b,0x6d,0x53,0x61,0x69,0x73,0x69,0x29,0x3b,0xa,
  0x20,0x20,0x20,0x20,0x20,0x20,0x20,0x20,0x7d,0xa,0x20,0x20,0x20,0x20,0x7d,0xa,
  0x7d,0xa,
    // Main.js
  0x0,0x0,0x7,0x34,
  0x2f,
  0x2a,0x2a,0xa,0x20,0x2a,0x20,0x40,0x66,0x69,0x6c,0x65,0x20,0x4d,0x61,0x69,0x6e,
  0x2e,0x6a,0x73,0xa,0x20,0x2a,0x20,0x40,0x62,0x72,0x69,0x65,0x66,0x20,0x46,0x6f,
  0x6e,0x63,0x74,0x69,0x6f,0x6e,0x73,0x20,0x75,0x74,0x69,0x6c,0x69,0x74,0x61,0x69,
  0x72,0x65,0x73,0x20,0x70,0x6f,0x75,0x72,0x20,0x6c,0x61,0x20,0x6c,0x6f,0x67,0x69,
  0x71,0x75,0x65,0x20,0x70,0x72,0x69,0x6e,0x63,0x69,0x70,0x61,0x6c,0x65,0x20,0x64,
  0x65,0x20,0x6c,0x27,0x61,0x70,0x70,0x6c,0x69,0x63,0x61,0x74,0x69,0x6f,0x6e,0x2e,
  0xa,0x20,0x2a,0x20,0x40,0x61,0x75,0x74,0x68,0x6f,0x72,0x20,0x43,0x6f,0x72,0x65,
  0x6e,0x74,0x69,0x6e,0xa,0x20,0x2a,0x20,0x40,0x76,0x65,0x72,0x73,0x69,0x6f,0x6e,
  0x20,0x31,0x2e,0x30,0xa,0x20,0x2a,0x20,0x40,0x64,0x61,0x74,0x65,0x20,0x41,0x76,
  0x72,0x69,0x6c,0x20,0x32,0x30,0x32,0x36,0xa,0x20,0x2a,0x2f,0xa,0xa,0x2f,0x2a,
  0x2a,0xa,0x20,0x2a,0x20,0x40,0x62,0x72,0x69,0x65,0x66,0x20,0x52,0x65,0x74,0x6f,
  0x75,0x72,0x6e,0x65,0x20,0x6c,0x65,0x20,0x73,0x74,0x61,0x74,0x75,0x74,0x20,0x64,
  0x65,0x20,0x6c,0x61,0x20,0x62,0x6f,0x72,0x6e,0x65,0x20,0x61,0x63,0x74,0x75,0x65,
  0x6c,0x6c,0x65,0x6d,0x65,0x6e,0x74,0x20,0x73,0xc3,0xa9,0x6c,0x65,0x63,0x74,0x69,
  0x6f,0x6e,0x6e,0xc3,0xa9,0x65,0x2e,0xa,0x20,0x2a,0x20,0x40,0x72,0x65,0x74,0x75,
  0x72,0x6e,0x20,0x53,0x74,0x61,0x74,0x75,0x74,0x20,0x64,0x65,0x20,0x6c,0x61,0x20,
  0x62,0x6f,0x72,0x6e,0x65,0x20,0x28,0x22,0x44,0x69,0x73,0x70,0x6f,0x6e,0x69,0x62,
  0x6c,0x65,0x22,0x2c,0x20,0x22,0x45,0x6e,0x20,0x43,0x68,0x61,0x72,0x67,0x65,0x22,
  0x2c,0x20,0x22,0x50,0x72,0x6f,0x67,0x72,0x61,0x6d,0x6d,0xc3,0xa9,0x22,0x20,0x6f,
  0x75,0x20,0x22,0x49,0x6e,0x63,0x6f,0x6e,0x6e,0x75,0x22,0x29,0x2e,0xa,0x20,0x2a,
  0x2f,0xa,0x66,0x75,0x6e,0x63,0x74,0x69,0x6f,0x6e,0x20,0x67,0x65,0x74,0x53,0x65,
  0x6c,0x65,0x63,0x74,0x65,0x64,0x53,0x74,0x61,0x74,0x69,0x6f,0x6e,0x53,0x74,0x61,
  0x74,0x75,0x73,0x28,0x29,0x20,0x7b,0xa,0x20,0x20,0x20,0x20,0x76,0x61,0x72,0x20,
  0x73,0x74,0x61,0x74,0x75,0x73,0x20,0x3d,0x20,0x22,0x49,0x6e,0x63,0x6f,0x6e,0x6e,
  0x75,0x22,0x3b,0xa,0x20,0x20,0x20,0x20,0x66,0x6f,0x72,0x20,0x28,0x76,0x61,0x72,
  0x20,0x69,0x20,0x3d,0x20,0x30,0x3b,0x20,0x69,0x20,0x3c,0x20,0x73,0x74,0x61,0x74,
  0x69,0x6f,0x6e,0x73,0x4d,0x6f,0x64,0x65,0x6c,0x53,0x6f,0x75,0x72,0x63,0x65,0x2e,
  0x63,0x6f,0x75,0x6e,0x74,0x3b,0x20,0x69,0x2b,0x2b,0x29,0x20,0x7b,0xa,0x20,0x20,
  0x20,0x20,0x20,0x20,0x20,0x20,0x76,0x61,0x72,0x20,0x69,0x74,0x65,0x6d,0x20,0x3d,
  0x20,0x73,0x74,0x61,0x74,0x69,0x6f,0x6e,0x73,0x4d,0x6f,0x64,0x65,0x6c,0x53,0x6f,
  0x75,0x72,0x63,0x65,0x2e,0x67,0x65,0x74,0x28,0x69,0x29,0x3b,0xa,0x20,0x20,0x20,
  0x20,0x20,0x20,0x20,0x20,0x69,0x66,0x20,0x28,0x69,0x74,0x65,0x6d,0x2e,0x6e,0x61,
  0x6d,0x65,0x20,0x3d,0x3d,0x3d,0x20,0x77,0x69,0x6e,0x64,0x6f,0x77,0x2e,0x61,0x63,
  0x74,0x69,0x76,0x65,0x53,0x74,0x61,0x74,0x69,0x6f,0x6e,0x29,0x20,0x7b,0xa,0x20,
  0x20,0x20,0x20,0x20,0x20,0x20,0x20,0x20,0x20,0x20,0x20,0x73,0x74,0x61,0x74,0x75,
  0x73,0x20,0x3d,0x20,0x69,0x74,0x65,0x6d,0x2e,0x73,0x74,0x61,0x74,0x75,0x73,0x3b,
  0xa,0x20,0x20,0x20,0x20,0x20,0x20,0x20,0x20,0x7d,0xa,0x20,0x20,0x20,0x20,0x7d,
  0xa,0x20,0x20,0x20,0x20,0x72,0x65,0x74,0x75,0x72,0x6e,0x20,0x73,0x74,0x61,0x74,
  0x75,0x73,0x3b,0xa,0x7d,0xa,0xa,0x2f,0x2a,0x2a,0xa,0x20,0x2a,0x20,0x40,0x62,
  0x72,0x69,0x65,0x66,0x20,0x43,0x6f,0x6d,0x70,0x74,0x65,0x20,0x6c,0x65,0x20,0x6e,
  0x6f,0x6d,0x62,0x72,0x65,0x20,0x64,0x65,0x20,0x73,0x65,0x73,0x73,0x69,0x6f,0x6e,
  0x73,0x20,0x61,0x63,0x74,0x69,0x76,0x65,0x73,0x20,0x70,0x6f,0x75,0x72,0x20,0x6c,
  0x61,0x20,0x62,0x6f,0x72,0x6e,0x65,0x20,0x73,0xc3,0xa9,0x6c,0x65,0x63,0x74,0x69,
  0x6f,0x6e,0x6e,0xc3,0xa9,0x65,0x2e,0xa,0x20,0x2a,0x20,0x40,0x72,0x65,0x74,0x75,
  0x72,0x6e,0x20,0x4e,0x6f,0x6d,0x62,0x72,0x65,0x20,0x64,0x65,0x20,0x73,0x65,0x73,
  0x73,0x69,0x6f,0x6e,0x73,0x20,0x61,0x63,0x74,0x69,0x76,0x65,0x73,0x2e,0xa,0x20,
  0x2a,0x2f,0xa,0x66,0x75,0x6e,0x63,0x74,0x69,0x6f,0x6e,0x20,0x63,0x6f,0x6d,0x70,
  0x74,0x65,0x72,0x53,0x65,0x73,0x73,0x69,0x6f,0x6e,0x73,0x41,0x63,0x74,0x69,0x76,
  0x65,0x73,0x28,0x29,0x20,0x7b,0xa,0x20,0x20,0x20,0x20,0x76,0x61,0x72,0x20,0x63,
  0x6f,0x75,0x6e,0x74,0x20,0x3d,0x20,0x30,0x3b,0xa,0x20,0x20,0x20,0x20,0x66,0x6f,
  0x72,0x20,0x28,0x76,0x61,0x72,0x20,0x69,0x20,0x3d,0x20,0x30,0x3b,0x20,0x69,0x20,
  0x3c,0x20,0x73,0x65,0x73,0x73,0x69,0x6f,0x6e,0x73,0x4d,0x6f,0x64,0x65,0x6c,0x2e,
  0x63,0x6f,0x75,0x6e,0x74,0x3b,0x20,0x69,0x2b,0x2b,0x29,0x20,0x7b,0xa,0x20,0x20,
  0x20,0x20,0x20,0x20,0x20,0x20,0x69,0x66,0x20,0x28,0x73,0x65,0x73,0x73,0x69,0x6f,
  0x6e,0x73,0x4d,0x6f,0x64,0x65,0x6c,0x2e,0x67,0x65,0x74,0x28,0x69,0x29,0x2e,0x73,
  0x74,0x61,0x74,0x69,0x6f,0x6e,0x20,0x3d,0x3d,0x3d,0x20,0x77,0x69,0x6e,0x64,0x6f,
  0x77,0x2e,0x61,0x63,0x74,0x69,0x76,0x65,0x53,0x74,0x61,0x74,0x69,0x6f,0x6e,0x29,
  0x20,0x7b,0xa,0x20,0x20,0x20,0x20,0x20,0x20,0x20,0x20,0x20,0x20,0x20,0x20,0x63,
  0x6f,0x75,0x6e,0x74,0x2b,0x2b,0x3b,0xa,0x20,0x20,0x20,0x20,0x20,0x20,0x20,0x20,
  0x7d,0xa,0x20,0x20,0x20,0x20,0x7d,0xa,0x20,0x20,0x20,0x20,0x72,0x65,0x74,0x75,
  0x72,0x6e,0x20,0x63,0x6f,0x75,0x6e,0x74,0x3b,0xa,0x7d,0xa,0xa,0x2f,0x2a,0x2a,
  0xa,0x20,0x2a,0x20,0x40,0x62,0x72,0x69,0x65,0x66,0x20,0x43,0x61,0x6c,0x63,0x75,
  0x6c,0x65,0x20,0x6c,0x27,0xc3,0xa9,0x6e,0x65,0x72,0x67,0x69,0x65,0x20,0x61,0x6a,
  0x6f,0x75,0x74,0xc3,0xa9,0x65,0x20,0x65,0x6e,0x20,0x75,0x6e,0x65,0x20,0x73,0x65,
  0x63,0x6f,0x6e,0x64,0x65,0x20,0x73,0x65,0x6c,0x6f,0x6e,0x20,0x6c,0x61,0x20,0x70,
  0x75,0x69,0x73,0x73,0x61,0x6e,0x63,0x65,0x20,0x6d,0x61,0x78,0x69,0x6d,0x61,0x6c,
  0x65,0x2e,0xa,0x20,0x2a,0x20,0x40,0x72,0x65,0x74,0x75,0x72,0x6e,0x20,0xc3,0x89,
  0x6e,0x65,0x72,0x67,0x69,0x65,0x20,0x61,0x6a,0x6f,0x75,0x74,0xc3,0xa9,0x65,0x20,
  0x65,0x6e,0x20,0x6b,0x57,0x68,0x2e,0xa,0x20,0x2a,0x2f,0xa,0x66,0x75,0x6e,0x63,
  0x74,0x69,0x6f,0x6e,0x20,0x63,0x61,0x6c,0x63,0x75,0x6c,0x65,0x72,0x45,0x6e,0x65,
  0x72,0x67,0x69,0x65,0x41,0x6a,0x6f,0x75,0x74,0x65,0x65,0x28,0x29,0x20,0x7b,0xa,
  0x20,0x20,0x20,0x20,0x72,0x65,0x74,0x75,0x72,0x6e,0x20,0x77,0x69,0x6e,0x64,0x6f,
  0x77,0x2e,0x75,0x73,0x65,0x72,0x4d,0x61,0x78,0x50,0x6f,0x77,0x65,0x72,0x20,0x2f,
  0x20,0x33,0x36,0x30,0x30,0x2e,0x30,0x3b,0xa,0x7d,0xa,0xa,0x2f,0x2a,0x2a,0xa,
  0x20,0x2a,0x20,0x40,0x62,0x72,0x69,0x65,0x66,0x20,0x43,0x61,0x6c,0x63,0x75,0x6c,
  0x65,0x20,0x6c,0x65,0x20,0x63,0x6f,0xc3,0xbb,0x74,0x20,0x65,0x73,0x74,0x69,0x6d,
  0xc3,0xa9,0x20,0x64,0x65,0x20,0x6c,0x61,0x20,0x63,0x68,0x61,0x72,0x67,0x65,0x2e,
  0xa,0x20,0x2a,0x20,0x40,0x72,0x65,0x74,0x75,0x72,0x6e,0x20,0x43,0x6f,0xc3,0xbb,
  0x74,0x20,0x65,0x73,0x74,0x69,0x6d,0xc3,0xa9,0x20,0x65,0x6e,0x20,0x65,0x75,0x72,
  0x6f,0x73,0x2e,0xa,0x20,0x2a,0x2f,0xa,0x66,0x75,0x6e,0x63,0x74,0x69,0x6f,0x6e,
  0x20,0x63,0x61,0x6c,0x63,0x75,0x6c,0x65,0x72,0x43,0x6f,0x75,0x74,0x28,0x29,0x20,
  0x7b,0xa,0x20,0x20,0x20,0x20,0x72,0x65,0x74,0x75,0x72,0x6e,0x20,0x77,0x69,0x6e,
  0x64,0x6f,0x77,0x2e,0x73,0x65,0x73,0x73,0x69,0x6f,0x6e,0x45,0x6e,0x65,0x72,0x67,
  0x79,0x4b,0x77,0x68,0x20,0x2a,0x20,0x77,0x69,0x6e,0x64,0x6f,0x77,0x2e,0x75,0x73,
  0x65,0x72,0x43,0x6f,0x73,0x74,0x50,0x65,0x72,0x4b,0x77,0x68,0x3b,0xa,0x7d,0xa,
  0xa,0x2f,0x2a,0x2a,0xa,0x20,0x2a,0x20,0x40,0x62,0x72,0x69,0x65,0x66,0x20,0x43,
  0x6f,0x6e,0x73,0x74,0x72,0x75,0x69,0x74,0x20,0x6c,0x65,0x20,0x6d,0x65,0x73,0x73,
  0x61,0x67,0x65,0x20,0x64,0x27,0x61,0x6c,0x65,0x72,0x74,0x65,0x20,0x73,0x65,0x6c,
  0x6f,0x6e,0x20,0x6c,0x65,0x20,0x74,0x79,0x70,0x65,0x20,0x72,0x65,0xc3,0xa7,0x75,
  0x2e,0xa,0x20,0x2a,0x20,0x40,0x70,0x61,0x72,0x61,0x6d,0x20,0x74,0x79,0x70,0x65,
  0x20,0x54,0x79,0x70,0x65,0x20,0x64,0x27,0x61,0x6c,0x65,0x72,0x74,0x65,0x20,0x28,
  0x22,0x73,0x75,0x72,0x63,0x68,0x61,0x75,0x66,0x66,0x65,0x22,0x20,0x6f,0x75,0x20,
  0x61,0x75,0x74,0x72,0x65,0x29,0x2e,0xa,0x20,0x2a,0x20,0x40,0x72,0x65,0x74,0x75,
  0x72,0x6e,0x20,0x4d,0x65,0x73,0x73,0x61,0x67,0x65,0x20,0x64,0x27,0x61,0x6c,0x65,
  0x72,0x74,0x65,0x20,0x66,0x6f,0x72,0x6d,0x61,0x74,0xc3,0xa9,0x2e,0xa,0x20,0x2a,
  0x2f,0xa,0x66,0x75,0x6e,0x63,0x74,0x69,0x6f,0x6e,0x20,0x63,0x6f,0x6e,0x73,0x74,
  0x72,0x75,0x69,0x72,0x65,0x4d,0x65,0x73,0x73,0x61,0x67,0x65,0x41,0x6c,0x65,0x72,
  0x74,0x65,0x28,0x74,0x79,0x70,0x65,0x29,0x20,0x7b,0xa,0x20,0x20,0x20,0x20,0x76,
  0x61,0x72,0x20,0x6d,0x73,0x67,0x20,0x3d,0x20,0x22,0x22,0x3b,0xa,0x20,0x20,0x20,
  0x20,0x69,0x66,0x20,0x28,0x74,0x79,0x70,0x65,0x20,0x3d,0x3d,0x3d,0x20,0x22,0x73,
  0x75,0x72,0x63,0x68,0x61,0x75,0x66,0x66,0x65,0x22,0x29,0x20,0x7b,0xa,0x20,0x20,
  0x20,0x20,0x20,0x20,0x20,0x20,0x6d,0x73,0x67,0x20,0x3d,0x20,0x22,0x4c,0x61,0x20,
  0x63,0x68,0x61,0x72,0x67,0x65,0x20,0x73,0x27,0x65,0x73,0x74,0x20,0x61,0x72,0x72,
  0xc3,0xaa,0x74,0xc3,0xa9,0x65,0x20,0x70,0x6f,0x75,0x72,0x20,0x6c,0x61,0x20,0x72,
  0x61,0x69,0x73,0x6f,0x6e,0x20,0x73,0x75,0x69,0x76,0x61,0x6e,0x74,0x65,0x20,0x3a,
  0x20,0x54,0x65,0x6d,0x70,0xc3,0xa9,0x72,0x61,0x74,0x75,0x72,0x65,0x20,0x74,0x72,
  0x6f,0x70,0x20,0xc3,0xa9,0x6c,0x65,0x76,0xc3,0xa9,0x65,0x20,0x21,0x20,0x22,0x3b,
  0xa,0x20,0x20,0x20,0x20,0x7d,0x20,0x65,0x6c,0x73,0x65,0x20,0x7b,0xa,0x20,0x20,
  0x20,0x20,0x20,0x20,0x20,0x20,0x6d,0x73,0x67,0x20,0x3d,0x20,0x22,0x4c,0x61,0x20,
  0x63,0x68,0x61,0x72,0x67,0x65,0x20,0x73,0x27,0x65,0x73,0x74,0x20,0x61,0x72,0x72,
  0xc3,0xaa,0x74,0xc3,0xa9,0x65,0x20,0x70,0x6f,0x75,0x72,0x20,0x6c,0x61,0x20,0x72,
  0x61,0x69,0x73,0x6f,0x6e,0x20,0x73,0x75,0x69,0x76,0x61,0x6e,0x74,0x65,0x20,0x3a,
  0x20,0x54,0x65,0x6e,0x73,0x69,0x6f,0x6e,0x20,0x74,0x72,0x6f,0x70,0x20,0xc3,0xa9,
  0x6c,0x65,0x76,0xc3,0xa9,0x65,0x20,0x21,0x22,0x3b,0xa,0x20,0x20,0x20,0x20,0x7d,
  0xa,0x20,0x20,0x20,0x20,0x72,0x65,0x74,0x75,0x72,0x6e,0x20,0x6d,0x73,0x67,0x3b,
  0xa,0x7d,0xa,
    // AndroidManifest.xml
  0x0,0x0,0x8,0x29,
  0x3c,
  0x3f,0x78,0x6d,0x6c,0x20,0x76,0x65,0x72,0x73,0x69,0x6f,0x6e,0x3d,0x22,0x31,0x2e,
  0x30,0x22,0x3f,0x3e,0xa,0x3c,0x6d,0x61,0x6e,0x69,0x66,0x65,0x73,0x74,0x20,0x78,
  0x6d,0x6c,0x6e,0x73,0x3a,0x61,0x6e,0x64,0x72,0x6f,0x69,0x64,0x3d,0x22,0x68,0x74,
  0x74,0x70,0x3a,0x2f,0x2f,0x73,0x63,0x68,0x65,0x6d,0x61,0x73,0x2e,0x61,0x6e,0x64,
  0x72,0x6f,0x69,0x64,0x2e,0x63,0x6f,0x6d,0x2f,0x61,0x70,0x6b,0x2f,0x72,0x65,0x73,
  0x2f,0x61,0x6e,0x64,0x72,0x6f,0x69,0x64,0x22,0x20,0x70,0x61,0x63,0x6b,0x61,0x67,
  0x65,0x3d,0x22,0x6f,0x72,0x67,0x2e,0x71,0x74,0x70,0x72,0x6f,0x6a,0x65,0x63,0x74,
  0x2e,0x65,0x78,0x61,0x6d,0x70,0x6c,0x65,0x22,0x20,0x61,0x6e,0x64,0x72,0x6f,0x69,
  0x64,0x3a,0x69,0x6e,0x73,0x74,0x61,0x6c,0x6c,0x4c,0x6f,0x63,0x61,0x74,0x69,0x6f,
  0x6e,0x3d,0x22,0x61,0x75,0x74,0x6f,0x22,0x20,0x61,0x6e,0x64,0x72,0x6f,0x69,0x64,
  0x3a,0x76,0x65,0x72,0x73,0x69,0x6f,0x6e,0x43,0x6f,0x64,0x65,0x3d,0x22,0x2d,0x2d,
  0x20,0x25,0x25,0x49,0x4e,0x53,0x45,0x52,0x54,0x5f,0x56,0x45,0x52,0x53,0x49,0x4f,
  0x4e,0x5f,0x43,0x4f,0x44,0x45,0x25,0x25,0x20,0x2d,0x2d,0x22,0x20,0x61,0x6e,0x64,
  0x72,0x6f,0x69,0x64,0x3a,0x76,0x65,0x72,0x73,0x69,0x6f,0x6e,0x4e,0x61,0x6d,0x65,
  0x3d,0x22,0x2d,0x2d,0x20,0x25,0x25,0x49,0x4e,0x53,0x45,0x52,0x54,0x5f,0x56,0x45,
  0x52,0x53,0x49,0x4f,0x4e,0x5f,0x4e,0x41,0x4d,0x45,0x25,0x25,0x20,0x2d,0x2d,0x22,
  0x3e,0xa,0xa,0x20,0x20,0x20,0x20,0x3c,0x75,0x73,0x65,0x73,0x2d,0x70,0x65,0x72,
  0x6d,0x69,0x73,0x73,0x69,0x6f,0x6e,0x20,0x61,0x6e,0x64,0x72,0x6f,0x69,0x64,0x3a,
  0x6e,0x61,0x6d,0x65,0x3d,0x22,0x61,0x6e,0x64,0x72,0x6f,0x69,0x64,0x2e,0x70,0x65,
  0x72,0x6d,0x69,0x73,0x73,0x69,0x6f,0x6e,0x2e,0x49,0x4e,0x54,0x45,0x52,0x4e,0x45,
  0x54,0x22,0x2f,0x3e,0xa,0x20,0x20,0x20,0x20,0x3c,0x75,0x73,0x65,0x73,0x2d,0x70,
  0x65,0x72,0x6d,0x69,0x73,0x73,0x69,0x6f,0x6e,0x20,0x61,0x6e,0x64,0x72,0x6f,0x69,
  0x64,0x3a,0x6e,0x61,0x6d,0x65,0x3d,0x22,0x61,0x6e,0x64,0x72,0x6f,0x69,0x64,0x2e,
  0x70,0x65,0x72,0x6d,0x69,0x73,0x73,0x69,0x6f,0x6e,0x2e,0x41,0x43,0x43,0x45,0x53,
  0x53,0x5f,0x4e,0x45,0x54,0x57,0x4f,0x52,0x4b,0x5f,0x53,0x54,0x41,0x54,0x45,0x22,
  0x2f,0x3e,0xa,0x20,0x20,0x20,0x20,0x3c,0x75,0x73,0x65,0x73,0x2d,0x70,0x65,0x72,
  0x6d,0x69,0x73,0x73,0x69,0x6f,0x6e,0x20,0x61,0x6e,0x64,0x72,0x6f,0x69,0x64,0x3a,
  0x6e,0x61,0x6d,0x65,0x3d,0x22,0x61,0x6e,0x64,0x72,0x6f,0x69,0x64,0x2e,0x70,0x65,
  0x72,0x6d,0x69,0x73,0x73,0x69,0x6f,0x6e,0x2e,0x41,0x43,0x43,0x45,0x53,0x53,0x5f,
  0x57,0x49,0x46,0x49,0x5f,0x53,0x54,0x41,0x54,0x45,0x22,0x2f,0x3e,0xa,0xa,0x20,
  0x20,0x20,0x20,0x3c,0x73,0x75,0x70,0x70,0x6f,0x72,0x74,0x73,0x2d,0x73,0x63,0x72,
  0x65,0x65,0x6e,0x73,0x20,0x61,0x6e,0x64,0x72,0x6f,0x69,0x64,0x3a,0x61,0x6e,0x79,
  0x44,0x65,0x6e,0x73,0x69,0x74,0x79,0x3d,0x22,0x74,0x72,0x75,0x65,0x22,0x20,0x61,
  0x6e,0x64,0x72,0x6f,0x69,0x64,0x3a,0x6c,0x61,0x72,0x67,0x65,0x53,0x63,0x72,0x65,
  0x65,0x6e,0x73,0x3d,0x22,0x74,0x72,0x75,0x65,0x22,0x20,0x61,0x6e,0x64,0x72,0x6f,
  0x69,0x64,0x3a,0x6e,0x6f,0x72,0x6d,0x61,0x6c,0x53,0x63,0x72,0x65,0x65,0x6e,0x73,
  0x3d,0x22,0x74,0x72,0x75,0x65,0x22,0x20,0x61,0x6e,0x64,0x72,0x6f,0x69,0x64,0x3a,
  0x73,0x6d,0x61,0x6c,0x6c,0x53,0x63,0x72,0x65,0x65,0x6e,0x73,0x3d,0x22,0x74,0x72,
  0x75,0x65,0x22,0x2f,0x3e,0xa,0xa,0x20,0x20,0x20,0x20,0x3c,0x61,0x70,0x70,0x6c,
  0x69,0x63,0x61,0x74,0x69,0x6f,0x6e,0x20,0x61,0x6e,0x64,0x72,0x6f,0x69,0x64,0x3a,
  0x6e,0x61,0x6d,0x65,0x3d,0x22,0x6f,0x72,0x67,0x2e,0x71,0x74,0x70,0x72,0x6f,0x6a,
  0x65,0x63,0x74,0x2e,0x71,0x74,0x2e,0x61,0x6e,0x64,0x72,0x6f,0x69,0x64,0x2e,0x62,
  0x69,0x6e,0x64,0x69,0x6e,0x67,0x73,0x2e,0x51,0x74,0x41,0x70,0x70,0x6c,0x69,0x63,
  0x61,0x74,0x69,0x6f,0x6e,0x22,0x20,0x61,0x6e,0x64,0x72,0x6f,0x69,0x64,0x3a,0x68,
  0x61,0x72,0x64,0x77,0x61,0x72,0x65,0x41,0x63,0x63,0x65,0x6c,0x65,0x72,0x61,0x74,
  0x65,0x64,0x3d,0x22,0x74,0x72,0x75,0x65,0x22,0x20,0x61,0x6e,0x64,0x72,0x6f,0x69,
  0x64,0x3a,0x6c,0x61,0x62,0x65,0x6c,0x3d,0x22,0x2d,0x2d,0x20,0x25,0x25,0x49,0x4e,
  0x53,0x45,0x52,0x54,0x5f,0x41,0x50,0x50,0x5f,0x4e,0x41,0x4d,0x45,0x25,0x25,0x20,
  0x2d,0x2d,0x22,0x20,0x61,0x6e,0x64,0x72,0x6f,0x69,0x64,0x3a,0x69,0x63,0x6f,0x6e,
  0x3d,0x22,0x40,0x64,0x72,0x61,0x77,0x61,0x62,0x6c,0x65,0x2f,0x69,0x63,0x6f,0x6e,
  0x22,0x20,0x61,0x6e,0x64,0x72,0x6f,0x69,0x64,0x3a,0x72,0x65,0x71,0x75,0x65,0x73,
  0x74,0x4c,0x65,0x67,0x61,0x63,0x79,0x45,0x78,0x74,0x65,0x72,0x6e,0x61,0x6c,0x53,
  0x74,0x6f,0x72,0x61,0x67,0x65,0x3d,0x22,0x74,0x72,0x75,0x65,0x22,0x20,0x61,0x6e,
  0x64,0x72,0x6f,0x69,0x64,0x3a,0x61,0x6c,0x6c,0x6f,0x77,0x42,0x61,0x63,0x6b,0x75,
  0x70,0x3d,0x22,0x74,0x72,0x75,0x65,0x22,0x20,0x61,0x6e,0x64,0x72,0x6f,0x69,0x64,
  0x3a,0x66,0x75,0x6c,0x6c,0x42,0x61,0x63,0x6b,0x75,0x70,0x4f,0x6e,0x6c,0x79,0x3d,
  0x22,0x66,0x61,0x6c,0x73,0x65,0x22,0x20,0x61,0x6e,0x64,0x72,0x6f,0x69,0x64,0x3a,
  0x75,0x73,0x65,0x73,0x43,0x6c,0x65,0x61,0x72,0x74,0x65,0x78,0x74,0x54,0x72,0x61,
  0x66,0x66,0x69,0x63,0x3d,0x22,0x74,0x72,0x75,0x65,0x22,0x3e,0xa,0xa,0x20,0x20,
  0x20,0x20,0x20,0x20,0x20,0x20,0x3c,0x61,0x63,0x74,0x69,0x76,0x69,0x74,0x79,0x20,
  0x61,0x6e,0x64,0x72,0x6f,0x69,0x64,0x3a,0x6e,0x61,0x6d,0x65,0x3d,0x22,0x6f,0x72,
  0x67,0x2e,0x71,0x74,0x70,0x72,0x6f,0x6a,0x65,0x63,0x74,0x2e,0x71,0x74,0x2e,0x61,
  0x6e,0x64,0x72,0x6f,0x69,0x64,0x2e,0x62,0x69,0x6e,0x64,0x69,0x6e,0x67,0x73,0x2e,
  0x51,0x74,0x41,0x63,0x74,0x69,0x76,0x69,0x74,0x79,0x22,0x20,0x61,0x6e,0x64,0x72,
  0x6f,0x69,0x64,0x3a,0x63,0x6f,0x6e,0x66,0x69,0x67,0x43,0x68,0x61,0x6e,0x67,0x65,
  0x73,0x3d,0x22,0x6f,0x72,0x69,0x65,0x6e,0x74,0x61,0x74,0x69,0x6f,0x6e,0x7c,0x75,
  0x69,0x4d,0x6f,0x64,0x65,0x7c,0x73,0x63,0x72,0x65,0x65,0x6e,0x4c,0x61,0x79,0x6f,
  0x75,0x74,0x7c,0x73,0x63,0x72,0x65,0x65,0x6e,0x53,0x69,0x7a,0x65,0x7c,0x73,0x6d,
  0x61,0x6c,0x6c,0x65,0x73,0x74,0x53,0x63,0x72,0x65,0x65,0x6e,0x53,0x69,0x7a,0x65,
  0x7c,0x6c,0x61,0x79,0x6f,0x75,0x74,0x44,0x69,0x72,0x65,0x63,0x74,0x69,0x6f,0x6e,
  0x7c,0x6c,0x6f,0x63,0x61,0x6c,0x65,0x7c,0x66,0x6f,0x6e,0x74,0x53,0x63,0x61,0x6c,
  0x65,0x7c,0x6b,0x65,0x79,0x62,0x6f,0x61,0x72,0x64,0x7c,0x6b,0x65,0x79,0x62,0x6f,
  0x61,0x72,0x64,0x48,0x69,0x64,0x64,0x65,0x6e,0x7c,0x6e,0x61,0x76,0x69,0x67,0x61,
  0x74,0x69,0x6f,0x6e,0x7c,0x6d,0x63,0x63,0x7c,0x6d,0x6e,0x63,0x7c,0x64,0x65,0x6e,
  0x73,0x69,0x74,0x79,0x22,0x20,0x61,0x6e,0x64,0x72,0x6f,0x69,0x64,0x3a,0x6c,0x61,
  0x75,0x6e,0x63,0x68,0x4d,0x6f,0x64,0x65,0x3d,0x22,0x73,0x69,0x6e,0x67,0x6c,0x65,
  0x54,0x6f,0x70,0x22,0x20,0x61,0x6e,0x64,0x72,0x6f,0x69,0x64,0x3a,0x73,0x63,0x72,
  0x65,0x65,0x6e,0x4f,0x72,0x69,0x65,0x6e,0x74,0x61,0x74,0x69,0x6f,0x6e,0x3d,0x22,
  0x75,0x6e,0x73,0x70,0x65,0x63,0x69,0x66,0x69,0x65,0x64,0x22,0x20,0x61,0x6e,0x64,
  0x72,0x6f,0x69,0x64,0x3a,0x65,0x78,0x70,0x6f,0x72,0x74,0x65,0x64,0x3d,0x22,0x74,
  0x72,0x75,0x65,0x22,0x20,0x61,0x6e,0x64,0x72,0x6f,0x69,0x64,0x3a,0x6c,0x61,0x62,
  0x65,0x6c,0x3d,0x22,0x22,0x3e,0xa,0x20,0x20,0x20,0x20,0x20,0x20,0x20,0x20,0x20,
  0x20,0x20,0x20,0x3c,0x69,0x6e,0x74,0x65,0x6e,0x74,0x2d,0x66,0x69,0x6c,0x74,0x65,
  0x72,0x3e,0xa,0x20,0x20,0x20,0x20,0x20,0x20,0x20,0x20,0x20,0x20,0x20,0x20,0x20,
  0x20,0x20,0x20,0x3c,0x61,0x63,0x74,0x69,0x6f,0x6e,0x20,0x61,0x6e,0x64,0x72,0x6f,
  0x69,0x64,0x3a,0x6e,0x61,0x6d,0x65,0x3d,0x22,0x61,0x6e,0x64,0x72,0x6f,0x69,0x64,
  0x2e,0x69,0x6e,0x74,0x65,0x6e,0x74,0x2e,0x61,0x63,0x74,0x69,0x6f,0x6e,0x2e,0x4d,
  0x41,0x49,0x4e,0x22,0x2f,0x3e,0xa,0x20,0x20,0x20,0x20,0x20,0x20,0x20,0x20,0x20,
  0x20,0x20,0x20,0x20,0x20,0x20,0x20,0x3c,0x63,0x61,0x74,0x65,0x67,0x6f,0x72,0x79,
  0x20,0x61,0x6e,0x64,0x72,0x6f,0x69,0x64,0x3a,0x6e,0x61,0x6d,0x65,0x3d,0x22,0x61,
  0x6e,0x64,0x72,0x6f,0x69,0x64,0x2e,0x69,0x6e,0x74,0x65,0x6e,0x74,0x2e,0x63,0x61,
  0x74,0x65,0x67,0x6f,0x72,0x79,0x2e,0x4c,0x41,0x55,0x4e,0x43,0x48,0x45,0x52,0x22,
  0x2f,0x3e,0xa,0x20,0x20,0x20,0x20,0x20,0x20,0x20,0x20,0x20,0x20,0x20,0x20,0x3c,
  0x2f,0x69,0x6e,0x74,0x65,0x6e,0x74,0x2d,0x66,0x69,0x6c,0x74,0x65,0x72,0x3e,0xa,
  0x20,0x20,0x20,0x20,0x20,0x20,0x20,0x20,0x20,0x20,0x20,0x20,0x3c,0x6d,0x65,0x74,
  0x61,0x2d,0x64,0x61,0x74,0x61,0x20,0x61,0x6e,0x64,0x72,0x6f,0x69,0x64,0x3a,0x6e,
  0x61,0x6d,0x65,0x3d,0x22,0x61,0x6e,0x64,0x72,0x6f,0x69,0x64,0x2e,0x61,0x70,0x70,
  0x2e,0x6c,0x69,0x62,0x5f,0x6e,0x61,0x6d,0x65,0x22,0x20,0x61,0x6e,0x64,0x72,0x6f,
  0x69,0x64,0x3a,0x76,0x61,0x6c,0x75,0x65,0x3d,0x22,0x2d,0x2d,0x20,0x25,0x25,0x49,
  0x4e,0x53,0x45,0x52,0x54,0x5f,0x41,0x50,0x50,0x5f,0x4c,0x49,0x42,0x5f,0x4e,0x41,
  0x4d,0x45,0x25,0x25,0x20,0x2d,0x2d,0x22,0x2f,0x3e,0xa,0x20,0x20,0x20,0x20,0x20,
  0x20,0x20,0x20,0x20,0x20,0x20,0x20,0x3c,0x6d,0x65,0x74,0x61,0x2d,0x64,0x61,0x74,
  0x61,0x20,0x61,0x6e,0x64,0x72,0x6f,0x69,0x64,0x3a,0x6e,0x61,0x6d,0x65,0x3d,0x22,
  0x61,0x6e,0x64,0x72,0x6f,0x69,0x64,0x2e,0x61,0x70,0x70,0x2e,0x61,0x72,0x67,0x75,
  0x6d,0x65,0x6e,0x74,0x73,0x22,0x20,0x61,0x6e,0x64,0x72,0x6f,0x69,0x64,0x3a,0x76,
  0x61,0x6c,0x75,0x65,0x3d,0x22,0x2d,0x2d,0x20,0x25,0x25,0x49,0x4e,0x53,0x45,0x52,
  0x54,0x5f,0x41,0x50,0x50,0x5f,0x41,0x52,0x47,0x55,0x4d,0x45,0x4e,0x54,0x53,0x25,
  0x25,0x20,0x2d,0x2d,0x22,0x2f,0x3e,0xa,0x20,0x20,0x20,0x20,0x20,0x20,0x20,0x20,
  0x3c,0x2f,0x61,0x63,0x74,0x69,0x76,0x69,0x74,0x79,0x3e,0xa,0xa,0x20,0x20,0x20,
  0x20,0x20,0x20,0x20,0x20,0x3c,0x70,0x72,0x6f,0x76,0x69,0x64,0x65,0x72,0x20,0x61,
  0x6e,0x64,0x72,0x6f,0x69,0x64,0x3a,0x6e,0x61,0x6d,0x65,0x3d,0x22,0x61,0x6e,0x64,
  0x72,0x6f,0x69,0x64,0x78,0x2e,0x63,0x6f,0x72,0x65,0x2e,0x63,0x6f,0x6e,0x74,0x65,
  0x6e,0x74,0x2e,0x46,0x69,0x6c,0x65,0x50,0x72,0x6f,0x76,0x69,0x64,0x65,0x72,0x22,
  0x20,0x61,0x6e,0x64,0x72,0x6f,0x69,0x64,0x3a,0x61,0x75,0x74,0x68,0x6f,0x72,0x69,
  0x74,0x69,0x65,0x73,0x3d,0x22,0x24,0x7b,0x61,0x70,0x70,0x6c,0x69,0x63,0x61,0x74,
  0x69,0x6f,0x6e,0x49,0x64,0x7d,0x2e,0x71,0x74,0x70,0x72,0x6f,0x76,0x69,0x64,0x65,
  0x72,0x22,0x20,0x61,0x6e,0x64,0x72,0x6f,0x69,0x64,0x3a,0x65,0x78,0x70,0x6f,0x72,
  0x74,0x65,0x64,0x3d,0x22,0x66,0x61,0x6c,0x73,0x65,0x22,0x20,0x61,0x6e,0x64,0x72,
  0x6f,0x69,0x64,0x3a,0x67,0x72,0x61,0x6e,0x74,0x55,0x72,0x69,0x50,0x65,0x72,0x6d,
  0x69,0x73,0x73,0x69,0x6f,0x6e,0x73,0x3d,0x22,0x74,0x72,0x75,0x65,0x22,0x3e,0xa,
  0x20,0x20,0x20,0x20,0x20,0x20,0x20,0x20,0x20,0x20,0x20,0x20,0x3c,0x6d,0x65,0x74,
  0x61,0x2d,0x64,0x61,0x74,0x61,0x20,0x61,0x6e,0x64,0x72,0x6f,0x69,0x64,0x3a,0x6e,
  0x61,0x6d,0x65,0x3d,0x22,0x61,0x6e,0x64,0x72,0x6f,0x69,0x64,0x2e,0x73,0x75,0x70,
  0x70,0x6f,0x72,0x74,0x2e,0x46,0x49,0x4c,0x45,0x5f,0x50,0x52,0x4f,0x56,0x49,0x44,
  0x45,0x52,0x5f,0x50,0x41,0x54,0x48,0x53,0x22,0x20,0x61,0x6e,0x64,0x72,0x6f,0x69,
  0x64,0x3a,0x72,0x65,0x73,0x6f,0x75,0x72,0x63,0x65,0x3d,0x22,0x40,0x78,0x6d,0x6c,
  0x2f,0x71,0x74,0x70,0x72,0x6f,0x76,0x69,0x64,0x65,0x72,0x5f,0x70,0x61,0x74,0x68,
  0x73,0x22,0x2f,0x3e,0xa,0x20,0x20,0x20,0x20,0x20,0x20,0x20,0x20,0x3c,0x2f,0x70,
  0x72,0x6f,0x76,0x69,0x64,0x65,0x72,0x3e,0xa,0x20,0x20,0x20,0x20,0x3c,0x2f,0x61,
  0x70,0x70,0x6c,0x69,0x63,0x61,0x74,0x69,0x6f,0x6e,0x3e,0xa,0x3c,0x2f,0x6d,0x61,
  0x6e,0x69,0x66,0x65,0x73,0x74,0x3e,0xa,
    // build.gradle
  0x0,0x0,0x8,0xdc,
  0x62,
  0x75,0x69,0x6c,0x64,0x73,0x63,0x72,0x69,0x70,0x74,0x20,0x7b,0xa,0x20,0x20,0x20,
  0x20,0x72,0x65,0x70,0x6f,0x73,0x69,0x74,0x6f,0x72,0x69,0x65,0x73,0x20,0x7b,0xa,
  0x20,0x20,0x20,0x20,0x20,0x20,0x20,0x20,0x67,0x6f,0x6f,0x67,0x6c,0x65,0x28,0x29,
  0xa,0x20,0x20,0x20,0x20,0x20,0x20,0x20,0x20,0x6d,0x61,0x76,0x65,0x6e,0x43,0x65,
  0x6e,0x74,0x72,0x61,0x6c,0x28,0x29,0xa,0x20,0x20,0x20,0x20,0x7d,0xa,0xa,0x20,
  0x20,0x20,0x20,0x64,0x65,0x70,0x65,0x6e,0x64,0x65,0x6e,0x63,0x69,0x65,0x73,0x20,
  0x7b,0xa,0x20,0x20,0x20,0x20,0x20,0x20,0x20,0x20,0x2f,0x2f,0x6e,0x6f,0x69,0x6e,
  0x73,0x70,0x65,0x63,0x74,0x69,0x6f,0x6e,0x20,0x41,0x6e,0x64,0x72,0x6f,0x69,0x64,
  0x47,0x72,0x61,0x64,0x6c,0x65,0x50,0x6c,0x75,0x67,0x69,0x6e,0x56,0x65,0x72,0x73,
  0x69,0x6f,0x6e,0xa,0x20,0x20,0x20,0x20,0x20,0x20,0x20,0x20,0x63,0x6c,0x61,0x73,
  0x73,0x70,0x61,0x74,0x68,0x20,0x27,0x63,0x6f,0x6d,0x2e,0x61,0x6e,0x64,0x72,0x6f,
  0x69,0x64,0x2e,0x74,0x6f,0x6f,0x6c,0x73,0x2e,0x62,0x75,0x69,0x6c,0x64,0x3a,0x67,
  0x72,0x61,0x64,0x6c,0x65,0x3a,0x38,0x2e,0x38,0x2e,0x30,0x27,0xa,0x20,0x20,0x20,
  0x20,0x7d,0xa,0x7d,0xa,0xa,0x72,0x65,0x70,0x6f,0x73,0x69,0x74,0x6f,0x72,0x69,
  0x65,0x73,0x20,0x7b,0xa,0x20,0x20,0x20,0x20,0x67,0x6f,0x6f,0x67,0x6c,0x65,0x28,
  0x29,0xa,0x20,0x20,0x20,0x20,0x6d,0x61,0x76,0x65,0x6e,0x43,0x65,0x6e,0x74,0x72,
  0x61,0x6c,0x28,0x29,0xa,0x7d,0xa,0xa,0x61,0x70,0x70,0x6c,0x79,0x20,0x70,0x6c,
  0x75,0x67,0x69,0x6e,0x3a,0x20,0x71,0x74,0x47,0x72,0x61,0x64,0x6c,0x65,0x50,0x6c,
  0x75,0x67,0x69,0x6e,0x54,0x79,0x70,0x65,0xa,0xa,0x64,0x65,0x70,0x65,0x6e,0x64,
  0x65,0x6e,0x63,0x69,0x65,0x73,0x20,0x7b,0xa,0x20,0x20,0x20,0x20,0x69,0x6d,0x70,
  0x6c,0x65,0x6d,0x65,0x6e,0x74,0x61,0x74,0x69,0x6f,0x6e,0x20,0x66,0x69,0x6c,0x65,
  0x54,0x72,0x65,0x65,0x28,0x64,0x69,0x72,0x3a,0x20,0x27,0x6c,0x69,0x62,0x73,0x27,
  0x2c,0x20,0x69,0x6e,0x63,0x6c,0x75,0x64,0x65,0x3a,0x20,0x5b,0x27,0x2a,0x2e,0x6a,
  0x61,0x72,0x27,0x2c,0x20,0x27,0x2a,0x2e,0x61,0x61,0x72,0x27,0x5d,0x29,0xa,0x20,
  0x20,0x20,0x20,0x2f,0x2f,0x6e,0x6f,0x69,0x6e,0x73,0x70,0x65,0x63,0x74,0x69,0x6f,
  0x6e,0x20,0x47,0x72,0x61,0x64,0x6c,0x65,0x44,0x65,0x70,0x65,0x6e,0x64,0x65,0x6e,
  0x63,0x79,0xa,0x20,0x20,0x20,0x20,0x69,0x6d,0x70,0x6c,0x65,0x6d,0x65,0x6e,0x74,
  0x61,0x74,0x69,0x6f,0x6e,0x20,0x27,0x61,0x6e,0x64,0x72,0x6f,0x69,0x64,0x78,0x2e,
  0x63,0x6f,0x72,0x65,0x3a,0x63,0x6f,0x72,0x65,0x3a,0x31,0x2e,0x31,0x33,0x2e,0x31,
  0x27,0xa,0x7d,0xa,0xa,0x61,0x6e,0x64,0x72,0x6f,0x69,0x64,0x20,0x7b,0xa,0x20,
  0x20,0x20,0x20,0x2f,0x2a,0x2a,0x2a,0x2a,0x2a,0x2a,0x2a,0x2a,0x2a,0x2a,0x2a,0x2a,
  0x2a,0x2a,0x2a,0x2a,0x2a,0x2a,0x2a,0x2a,0x2a,0x2a,0x2a,0x2a,0x2a,0x2a,0x2a,0x2a,
  0x2a,0x2a,0x2a,0x2a,0x2a,0x2a,0x2a,0x2a,0x2a,0x2a,0x2a,0x2a,0x2a,0x2a,0x2a,0x2a,
  0x2a,0x2a,0x2a,0x2a,0x2a,0x2a,0x2a,0x2a,0x2a,0x2a,0x2a,0xa,0x20,0x20,0x20,0x20,
  0x20,0x2a,0x20,0x54,0x68,0x65,0x20,0x66,0x6f,0x6c,0x6c,0x6f,0x77,0x69,0x6e,0x67,
  0x20,0x76,0x61,0x72,0x69,0x61,0x62,0x6c,0x65,0x73,0x3a,0xa,0x20,0x20,0x20,0x20,
  0x20,0x2a,0x20,0x2d,0x20,0x61,0x6e,0x64,0x72,0x6f,0x69,0x64,0x42,0x75,0x69,0x6c,
  0x64,0x54,0x6f,0x6f,0x6c,0x73,0x56,0x65,0x72,0x73,0x69,0x6f,0x6e,0x2c,0xa,0x20,
  0x20,0x20,0x20,0x20,0x2a,0x20,0x2d,0x20,0x61,0x6e,0x64,0x72,0x6f,0x69,0x64,0x43,
  0x6f,0x6d,0x70,0x69,0x6c,0x65,0x53,0x64,0x6b,0x56,0x65,0x72,0x73,0x69,0x6f,0x6e,
  0xa,0x20,0x20,0x20,0x20,0x20,0x2a,0x20,0x2d,0x20,0x71,0x74,0x41,0x6e,0x64,0x72,
  0x6f,0x69,0x64,0x44,0x69,0x72,0x20,0x2d,0x20,0x68,0x6f,0x6c,0x64,0x73,0x20,0x74,
  0x68,0x65,0x20,0x70,0x61,0x74,0x68,0x20,0x74,0x6f,0x20,0x71,0x74,0x20,0x61,0x6e,
  0x64,0x72,0x6f,0x69,0x64,0x20,0x66,0x69,0x6c,0x65,0x73,0xa,0x20,0x20,0x20,0x20,
  0x20,0x2a,0x20,0x20,0x20,0x20,0x20,0x20,0x20,0x20,0x20,0x20,0x20,0x20,0x20,0x20,
  0x20,0x20,0x20,0x20,0x20,0x6e,0x65,0x65,0x64,0x65,0x64,0x20,0x74,0x6f,0x20,0x62,
  0x75,0x69,0x6c,0x64,0x20,0x61,0x6e,0x79,0x20,0x51,0x74,0x20,0x61,0x70,0x70,0x6c,
  0x69,0x63,0x61,0x74,0x69,0x6f,0x6e,0xa,0x20,0x20,0x20,0x20,0x20,0x2a,0x20,0x20,
  0x20,0x20,0x20,0x20,0x20,0x20,0x20,0x20,0x20,0x20,0x20,0x20,0x20,0x20,0x20,0x20,
  0x20,0x6f,0x6e,0x20,0x41,0x6e,0x64,0x72,0x6f,0x69,0x64,0x2e,0xa,0x20,0x20,0x20,
  0x20,0x20,0x2a,0x20,0x2d,0x20,0x71,0x74,0x47,0x72,0x61,0x64,0x6c,0x65,0x50,0x6c,
  0x75,0x67,0x69,0x6e,0x54,0x79,0x70,0x65,0x20,0x2d,0x20,0x77,0x68,0x65,0x74,0x68,
  0x65,0x72,0x20,0x74,0x6f,0x20,0x62,0x75,0x69,0x6c,0x64,0x20,0x61,0x6e,0x20,0x61,
  0x70,0x70,0x20,0x6f,0x72,0x20,0x61,0x20,0x6c,0x69,0x62,0x72,0x61,0x72,0x79,0xa,
  0x20,0x20,0x20,0x20,0x20,0x2a,0xa,0x20,0x20,0x20,0x20,0x20,0x2a,0x20,0x61,0x72,
  0x65,0x20,0x64,0x65,0x66,0x69,0x6e,0x65,0x64,0x20,0x69,0x6e,0x20,0x67,0x72,0x61,
  0x64,0x6c,0x65,0x2e,0x70,0x72,0x6f,0x70,0x65,0x72,0x74,0x69,0x65,0x73,0x20,0x66,
  0x69,0x6c,0x65,0x2e,0x20,0x54,0x68,0x69,0x73,0x20,0x66,0x69,0x6c,0x65,0x20,0x69,
  0x73,0xa,0x20,0x20,0x20,0x20,0x20,0x2a,0x20,0x75,0x70,0x64,0x61,0x74,0x65,0x64,
  0x20,0x62,0x79,0x20,0x51,0x74,0x43,0x72,0x65,0x61,0x74,0x6f,0x72,0x20,0x61,0x6e,
  0x64,0x20,0x61,0x6e,0x64,0x72,0x6f,0x69,0x64,0x64,0x65,0x70,0x6c,0x6f,0x79,0x71,
  0x74,0x20,0x74,0x6f,0x6f,0x6c,0x73,0x2e,0xa,0x20,0x20,0x20,0x20,0x20,0x2a,0x20,
  0x43,0x68,0x61,0x6e,0x67,0x69,0x6e,0x67,0x20,0x74,0x68,0x65,0x6d,0x20,0x6d,0x61,
  0x6e,0x75,0x61,0x6c,0x6c,0x79,0x20,0x6d,0x69,0x67,0x68,0x74,0x20,0x62,0x72,0x65,
  0x61,0x6b,0x20,0x74,0x68,0x65,0x20,0x63,0x6f,0x6d,0x70,0x69,0x6c,0x61,0x74,0x69,
  0x6f,0x6e,0x21,0xa,0x20,0x20,0x20,0x20,0x20,0x2a,0x2a,0x2a,0x2a,0x2a,0x2a,0x2a,
  0x2a,0x2a,0x2a,0x2a,0x2a,0x2a,0x2a,0x2a,0x2a,0x2a,0x2a,0x2a,0x2a,0x2a,0x2a,0x2a,
  0x2a,0x2a,0x2a,0x2a,0x2a,0x2a,0x2a,0x2a,0x2a,0x2a,0x2a,0x2a,0x2a,0x2a,0x2a,0x2a,
  0x2a,0x2a,0x2a,0x2a,0x2a,0x2a,0x2a,0x2a,0x2a,0x2a,0x2a,0x2a,0x2a,0x2a,0x2a,0x2a,
  0x2f,0xa,0xa,0x20,0x20,0x20,0x20,0x6e,0x61,0x6d,0x65,0x73,0x70,0x61,0x63,0x65,
  0x20,0x61,0x6e,0x64,0x72,0x6f,0x69,0x64,0x50,0x61,0x63,0x6b,0x61,0x67,0x65,0x4e,
  0x61,0x6d,0x65,0xa,0x20,0x20,0x20,0x20,0x63,0x6f,0x6d,0x70,0x69,0x6c,0x65,0x53,
  0x64,0x6b,0x56,0x65,0x72,0x73,0x69,0x6f,0x6e,0x20,0x61,0x6e,0x64,0x72,0x6f,0x69,
  0x64,0x43,0x6f,0x6d,0x70,0x69,0x6c,0x65,0x53,0x64,0x6b,0x56,0x65,0x72,0x73,0x69,
  0x6f,0x6e,0xa,0x20,0x20,0x20,0x20,0x62,0x75,0x69,0x6c,0x64,0x54,0x6f,0x6f,0x6c,
  0x73,0x56,0x65,0x72,0x73,0x69,0x6f,0x6e,0x20,0x61,0x6e,0x64,0x72,0x6f,0x69,0x64,
  0x42,0x75,0x69,0x6c,0x64,0x54,0x6f,0x6f,0x6c,0x73,0x56,0x65,0x72,0x73,0x69,0x6f,
  0x6e,0xa,0x20,0x20,0x20,0x20,0x6e,0x64,0x6b,0x56,0x65,0x72,0x73,0x69,0x6f,0x6e,
  0x20,0x61,0x6e,0x64,0x72,0x6f,0x69,0x64,0x4e,0x64,0x6b,0x56,0x65,0x72,0x73,0x69,
  0x6f,0x6e,0xa,0xa,0x20,0x20,0x20,0x20,0x73,0x6f,0x75,0x72,0x63,0x65,0x53,0x65,
  0x74,0x73,0x20,0x7b,0xa,0x20,0x20,0x20,0x20,0x20,0x20,0x20,0x20,0x6d,0x61,0x69,
  0x6e,0x20,0x7b,0xa,0x20,0x20,0x20,0x20,0x20,0x20,0x20,0x20,0x20,0x20,0x20,0x20,
  0x6d,0x61,0x6e,0x69,0x66,0x65,0x73,0x74,0x2e,0x73,0x72,0x63,0x46,0x69,0x6c,0x65,
  0x20,0x27,0x41,0x6e,0x64,0x72,0x6f,0x69,0x64,0x4d,0x61,0x6e,0x69,0x66,0x65,0x73,
  0x74,0x2e,0x78,0x6d,0x6c,0x27,0xa,0x20,0x20,0x20,0x20,0x20,0x20,0x20,0x20,0x20,
  0x20,0x20,0x20,0x6a,0x61,0x76,0x61,0x2e,0x73,0x72,0x63,0x44,0x69,0x72,0x73,0x20,
  0x3d,0x20,0x5b,0x71,0x74,0x41,0x6e,0x64,0x72,0x6f,0x69,0x64,0x44,0x69,0x72,0x20,
  0x2b,0x20,0x27,0x2f,0x73,0x72,0x63,0x27,0x2c,0x20,0x27,0x73,0x72,0x63,0x27,0x2c,
  0x20,0x27,0x6a,0x61,0x76,0x61,0x27,0x5d,0xa,0x20,0x20,0x20,0x20,0x20,0x20,0x20,
  0x20,0x20,0x20,0x20,0x20,0x61,0x69,0x64,0x6c,0x2e,0x73,0x72,0x63,0x44,0x69,0x72,
  0x73,0x20,0x3d,0x20,0x5b,0x71,0x74,0x41,0x6e,0x64,0x72,0x6f,0x69,0x64,0x44,0x69,
  0x72,0x20,0x2b,0x20,0x27,0x2f,0x73,0x72,0x63,0x27,0x2c,0x20,0x27,0x73,0x72,0x63,
  0x27,0x2c,0x20,0x27,0x61,0x69,0x64,0x6c,0x27,0x5d,0xa,0x20,0x20,0x20,0x20,0x20,
  0x20,0x20,0x20,0x20,0x20,0x20,0x20,0x72,0x65,0x73,0x2e,0x73,0x72,0x63,0x44,0x69,
  0x72,0x73,0x20,0x3d,0x20,0x5b,0x71,0x74,0x41,0x6e,0x64,0x72,0x6f,0x69,0x64,0x44,
  0x69,0x72,0x20,0x2b,0x20,0x27,0x2f,0x72,0x65,0x73,0x27,0x2c,0x20,0x27,0x72,0x65,
  0x73,0x27,0x5d,0xa,0x20,0x20,0x20,0x20,0x20,0x20,0x20,0x20,0x20,0x20,0x20,0x20,
  0x72,0x65,0x73,0x6f,0x75,0x72,0x63,0x65,0x73,0x2e,0x73,0x72,0x63,0x44,0x69,0x72,
  0x73,0x20,0x3d,0x20,0x5b,0x27,0x72,0x65,0x73,0x6f,0x75,0x72,0x63,0x65,0x73,0x27,
  0x5d,0xa,0x20,0x20,0x20,0x20,0x20,0x20,0x20,0x20,0x20,0x20,0x20,0x20,0x72,0x65,
  0x6e,0x64,0x65,0x72,0x73,0x63,0x72,0x69,0x70,0x74,0x2e,0x73,0x72,0x63,0x44,0x69,
  0x72,0x73,0x20,0x3d,0x20,0x5b,0x27,0x73,0x72,0x63,0x27,0x5d,0xa,0x20,0x20,0x20,
  0x20,0x20,0x20,0x20,0x20,0x20,0x20,0x20,0x20,0x61,0x73,0x73,0x65,0x74,0x73,0x2e,
  0x73,0x72,0x63,0x44,0x69,0x72,0x73,0x20,0x3d,0x20,0x5b,0x27,0x61,0x73,0x73,0x65,
  0x74,0x73,0x27,0x5d,0xa,0x20,0x20,0x20,0x20,0x20,0x20,0x20,0x20,0x20,0x20,0x20,
  0x20,0x6a,0x6e,0x69,0x4c,0x69,0x62,0x73,0x2e,0x73,0x72,0x63,0x44,0x69,0x72,0x73,
  0x20,0x3d,0x20,0x5b,0x27,0x6c,0x69,0x62,0x73,0x27,0x5d,0xa,0x20,0x20,0x20,0x20,
  0x20,0x20,0x20,0x7d,0xa,0x20,0x20,0x20,0x20,0x7d,0xa,0xa,0x20,0x20,0x20,0x20,
  0x74,0x61,0x73,0x6b,0x73,0x2e,0x77,0x69,0x74,0x68,0x54,0x79,0x70,0x65,0x28,0x4a,
  0x61,0x76,0x61,0x43,0x6f,0x6d,0x70,0x69,0x6c,0x65,0x29,0x20,0x7b,0xa,0x20,0x20,
  0x20,0x20,0x20,0x20,0x20,0x20,0x6f,0x70,0x74,0x69,0x6f,0x6e,0x73,0x2e,0x69,0x6e,
  0x63,0x72,0x65,0x6d,0x65,0x6e,0x74,0x61,0x6c,0x20,0x3d,0x20,0x74,0x72,0x75,0x65,
  0xa,0x20,0x20,0x20,0x20,0x7d,0xa,0xa,0x20,0x20,0x20,0x20,0x63,0x6f,0x6d,0x70,
  0x69,0x6c,0x65,0x4f,0x70,0x74,0x69,0x6f,0x6e,0x73,0x20,0x7b,0xa,0x20,0x20,0x20,
  0x20,0x20,0x20,0x20,0x20,0x73,0x6f,0x75,0x72,0x63,0x65,0x43,0x6f,0x6d,0x70,0x61,
  0x74,0x69,0x62,0x69,0x6c,0x69,0x74,0x79,0x20,0x4a,0x61,0x76,0x61,0x56,0x65,0x72,
  0x73,0x69,0x6f,0x6e,0x2e,0x56,0x45,0x52,0x53,0x49,0x4f,0x4e,0x5f,0x31,0x5f,0x38,
  0xa,0x20,0x20,0x20,0x20,0x20,0x20,0x20,0x20,0x74,0x61,0x72,0x67,0x65,0x74,0x43,
  0x6f,0x6d,0x70,0x61,0x74,0x69,0x62,0x69,0x6c,0x69,0x74,0x79,0x20,0x4a,0x61,0x76,
  0x61,0x56,0x65,0x72,0x73,0x69,0x6f,0x6e,0x2e,0x56,0x45,0x52,0x53,0x49,0x4f,0x4e,
  0x5f,0x31,0x5f,0x38,0xa,0x20,0x20,0x20,0x20,0x7d,0xa,0xa,0x20,0x20,0x20,0x20,
  0x6c,0x69,0x6e,0x74,0x4f,0x70,0x74,0x69,0x6f,0x6e,0x73,0x20,0x7b,0xa,0x20,0x20,
  0x20,0x20,0x20,0x20,0x20,0x20,0x61,0x62,0x6f,0x72,0x74,0x4f,0x6e,0x45,0x72,0x72,
  0x6f,0x72,0x20,0x66,0x61,0x6c,0x73,0x65,0xa,0x20,0x20,0x20,0x20,0x7d,0xa,0xa,
  0x20,0x20,0x20,0x20,0x2f,0x2f,0x20,0x44,0x6f,0x20,0x6e,0x6f,0x74,0x20,0x63,0x6f,
  0x6d,0x70,0x72,0x65,0x73,0x73,0x20,0x51,0x74,0x20,0x62,0x69,0x6e,0x61,0x72,0x79,
  0x20,0x72,0x65,0x73,0x6f,0x75,0x72,0x63,0x65,0x73,0x20,0x66,0x69,0x6c,0x65,0xa,
  0x20,0x20,0x20,0x20,0x61,0x61,0x70,0x74,0x4f,0x70,0x74,0x69,0x6f,0x6e,0x73,0x20,
  0x7b,0xa,0x20,0x20,0x20,0x20,0x20,0x20,0x20,0x20,0x6e,0x6f,0x43,0x6f,0x6d,0x70,
  0x72,0x65,0x73,0x73,0x20,0x27,0x72,0x63,0x63,0x27,0xa,0x20,0x20,0x20,0x20,0x7d,
  0xa,0xa,0x20,0x20,0x20,0x20,0x64,0x65,0x66,0x61,0x75,0x6c,0x74,0x43,0x6f,0x6e,
  0x66,0x69,0x67,0x20,0x7b,0xa,0x20,0x20,0x20,0x20,0x20,0x20,0x20,0x20,0x72,0x65,
  0x73,0x43,0x6f,0x6e,0x66,0x69,0x67,0x20,0x22,0x65,0x6e,0x22,0xa,0x20,0x20,0x20,
  0x20,0x20,0x20,0x20,0x20,0x6d,0x69,0x6e,0x53,0x64,0x6b,0x56,0x65,0x72,0x73,0x69,
  0x6f,0x6e,0x20,0x71,0x74,0x4d,0x69,0x6e,0x53,0x64,0x6b,0x56,0x65,0x72,0x73,0x69,
  0x6f,0x6e,0xa,0x20,0x20,0x20,0x20,0x20,0x20,0x20,0x20,0x74,0x61,0x72,0x67,0x65,
  0x74,0x53,0x64,0x6b,0x56,0x65,0x72,0x73,0x69,0x6f,0x6e,0x20,0x71,0x74,0x54,0x61,
  0x72,0x67,0x65,0x74,0x53,0x64,0x6b,0x56,0x65,0x72,0x73,0x69,0x6f,0x6e,0xa,0x20,
  0x20,0x20,0x20,0x20,0x20,0x20,0x20,0x6e,0x64,0x6b,0x2e,0x61,0x62,0x69,0x46,0x69,
  0x6c,0x74,0x65,0x72,0x73,0x20,0x3d,0x20,0x71,0x74,0x54,0x61,0x72,0x67,0x65,0x74,
  0x41,0x62,0x69,0x4c,0x69,0x73,0x74,0x2e,0x73,0x70,0x6c,0x69,0x74,0x28,0x22,0x2c,
  0x22,0x29,0xa,0x20,0x20,0x20,0x20,0x7d,0xa,0x7d,0xa,
    // qtprovider_paths.xml
  0x0,0x0,0x1,0xf3,
  0x3c,
  0x3f,0x78,0x6d,0x6c,0x20,0x76,0x65,0x72,0x73,0x69,0x6f,0x6e,0x3d,0x22,0x31,0x2e,
  0x30,0x22,0x20,0x65,0x6e,0x63,0x6f,0x64,0x69,0x6e,0x67,0x3d,0x22,0x75,0x74,0x66,
  0x2d,0x38,0x22,0x3f,0x3e,0xa,0x3c,0x70,0x61,0x74,0x68,0x73,0x20,0x78,0x6d,0x6c,
  0x6e,0x73,0x3a,0x61,0x6e,0x64,0x72,0x6f,0x69,0x64,0x3d,0x22,0x68,0x74,0x74,0x70,
  0x3a,0x2f,0x2f,0x73,0x63,0x68,0x65,0x6d,0x61,0x73,0x2e,0x61,0x6e,0x64,0x72,0x6f,
  0x69,0x64,0x2e,0x63,0x6f,0x6d,0x2f,0x61,0x70,0x6b,0x2f,0x72,0x65,0x73,0x2f,0x61,
  0x6e,0x64,0x72,0x6f,0x69,0x64,0x22,0x3e,0xa,0x20,0x20,0x20,0x20,0x3c,0x21,0x2d,
  0x2d,0x20,0x46,0x6f,0x72,0x20,0x67,0x65,0x74,0x46,0x69,0x6c,0x65,0x73,0x44,0x69,
  0x72,0x65,0x63,0x74,0x6f,0x72,0x79,0x28,0x29,0x20,0x2d,0x2d,0x3e,0xa,0x20,0x20,
  0x20,0x20,0x3c,0x66,0x69,0x6c,0x65,0x73,0x2d,0x70,0x61,0x74,0x68,0x20,0x6e,0x61,
  0x6d,0x65,0x3d,0x22,0x66,0x69,0x6c,0x65,0x73,0x5f,0x70,0x61,0x74,0x68,0x22,0x20,
  0x70,0x61,0x74,0x68,0x3d,0x22,0x2f,0x22,0x2f,0x3e,0xa,0x20,0x20,0x20,0x20,0x3c,
  0x21,0x2d,0x2d,0x20,0x46,0x6f,0x72,0x20,0x67,0x65,0x74,0x45,0x78,0x74,0x65,0x72,
  0x6e,0x61,0x6c,0x53,0x74,0x6f,0x72,0x61,0x67,0x65,0x44,0x69,0x72,0x65,0x63,0x74,
  0x6f,0x72,0x79,0x28,0x29,0x20,0x2d,0x2d,0x3e,0xa,0x20,0x20,0x20,0x20,0x3c,0x65,
  0x78,0x74,0x65,0x72,0x6e,0x61,0x6c,0x2d,0x70,0x61,0x74,0x68,0x20,0x6e,0x61,0x6d,
  0x65,0x3d,0x22,0x65,0x78,0x74,0x65,0x72,0x6e,0x61,0x6c,0x5f,0x70,0x61,0x74,0x68,
  0x22,0x20,0x70,0x61,0x74,0x68,0x3d,0x22,0x2f,0x22,0x2f,0x3e,0xa,0x20,0x20,0x20,
  0x20,0x3c,0x21,0x2d,0x2d,0x20,0x46,0x6f,0x72,0x20,0x67,0x65,0x74,0x45,0x78,0x74,
  0x65,0x72,0x6e,0x61,0x6c,0x46,0x69,0x6c,0x65,0x73,0x44,0x69,0x72,0x28,0x29,0x20,
  0x2d,0x2d,0x3e,0xa,0x20,0x20,0x20,0x20,0x3c,0x65,0x78,0x74,0x65,0x72,0x6e,0x61,
  0x6c,0x2d,0x66,0x69,0x6c,0x65,0x73,0x2d,0x70,0x61,0x74,0x68,0x20,0x6e,0x61,0x6d,
  0x65,0x3d,0x22,0x65,0x78,0x74,0x65,0x72,0x6e,0x61,0x6c,0x5f,0x66,0x69,0x6c,0x65,
  0x73,0x5f,0x70,0x61,0x74,0x68,0x22,0x20,0x70,0x61,0x74,0x68,0x3d,0x22,0x2f,0x22,
  0x2f,0x3e,0xa,0x20,0x20,0x20,0x20,0x3c,0x21,0x2d,0x2d,0x20,0x46,0x6f,0x72,0x20,
  0x67,0x65,0x74,0x45,0x78,0x74,0x65,0x72,0x6e,0x61,0x6c,0x43,0x61,0x63,0x68,0x65,
  0x44,0x69,0x72,0x28,0x29,0x20,0x2d,0x2d,0x3e,0xa,0x20,0x20,0x20,0x20,0x3c,0x65,
  0x78,0x74,0x65,0x72,0x6e,0x61,0x6c,0x2d,0x63,0x61,0x63,0x68,0x65,0x2d,0x70,0x61,
  0x74,0x68,0x20,0x6e,0x61,0x6d,0x65,0x3d,0x22,0x65,0x78,0x74,0x65,0x72,0x6e,0x61,
  0x6c,0x5f,0x63,0x61,0x63,0x68,0x65,0x5f,0x70,0x61,0x74,0x68,0x22,0x20,0x70,0x61,
  0x74,0x68,0x3d,0x22,0x2f,0x22,0x2f,0x3e,0xa,0x3c,0x2f,0x70,0x61,0x74,0x68,0x73,
  0x3e,0xa,
    // libs.xml
  0x0,0x0,0x2,0x86,
  0x3c,
  0x3f,0x78,0x6d,0x6c,0x20,0x76,0x65,0x72,0x73,0x69,0x6f,0x6e,0x3d,0x27,0x31,0x2e,
  0x30,0x27,0x20,0x65,0x6e,0x63,0x6f,0x64,0x69,0x6e,0x67,0x3d,0x27,0x75,0x74,0x66,
  0x2d,0x38,0x27,0x3f,0x3e,0xa,0x3c,0x72,0x65,0x73,0x6f,0x75,0x72,0x63,0x65,0x73,
  0x3e,0xa,0x20,0x20,0x20,0x20,0x3c,0x21,0x2d,0x2d,0x20,0x44,0x4f,0x20,0x4e,0x4f,
  0x54,0x20,0x45,0x44,0x49,0x54,0x20,0x54,0x48,0x49,0x53,0x3a,0x20,0x54,0x68,0x69,
  0x73,0x20,0x66,0x69,0x6c,0x65,0x20,0x69,0x73,0x20,0x70,0x6f,0x70,0x75,0x6c,0x61,
  0x74,0x65,0x64,0x20,0x61,0x75,0x74,0x6f,0x6d,0x61,0x74,0x69,0x63,0x61,0x6c,0x6c,
  0x79,0x20,0x62,0x79,0x20,0x74,0x68,0x65,0x20,0x64,0x65,0x70,0x6c,0x6f,0x79,0x6d,
  0x65,0x6e,0x74,0x20,0x74,0x6f,0x6f,0x6c,0x2e,0x20,0x2d,0x2d,0x3e,0xa,0xa,0x20,
  0x20,0x20,0x20,0x3c,0x61,0x72,0x72,0x61,0x79,0x20,0x6e,0x61,0x6d,0x65,0x3d,0x22,
  0x62,0x75,0x6e,0x64,0x6c,0x65,0x64,0x5f,0x6c,0x69,0x62,0x73,0x22,0x3e,0xa,0x20,
  0x20,0x20,0x20,0x20,0x20,0x20,0x20,0x3c,0x21,0x2d,0x2d,0x20,0x25,0x25,0x49,0x4e,
  0x53,0x45,0x52,0x54,0x5f,0x45,0x58,0x54,0x52,0x41,0x5f,0x4c,0x49,0x42,0x53,0x25,
  0x25,0x20,0x2d,0x2d,0x3e,0xa,0x20,0x20,0x20,0x20,0x3c,0x2f,0x61,0x72,0x72,0x61,
  0x79,0x3e,0xa,0xa,0x20,0x20,0x20,0x20,0x3c,0x61,0x72,0x72,0x61,0x79,0x20,0x6e,
  0x61,0x6d,0x65,0x3d,0x22,0x71,0x74,0x5f,0x6c,0x69,0x62,0x73,0x22,0x3e,0xa,0x20,
  0x20,0x20,0x20,0x20,0x20,0x20,0x20,0x3c,0x21,0x2d,0x2d,0x20,0x25,0x25,0x49,0x4e,
  0x53,0x45,0x52,0x54,0x5f,0x51,0x54,0x5f,0x4c,0x49,0x42,0x53,0x25,0x25,0x20,0x2d,
  0x2d,0x3e,0xa,0x20,0x20,0x20,0x20,0x3c,0x2f,0x61,0x72,0x72,0x61,0x79,0x3e,0xa,
  0xa,0x20,0x20,0x20,0x20,0x3c,0x61,0x72,0x72,0x61,0x79,0x20,0x6e,0x61,0x6d,0x65,
  0x3d,0x22,0x6c,0x6f,0x61,0x64,0x5f,0x6c,0x6f,0x63,0x61,0x6c,0x5f,0x6c,0x69,0x62,
  0x73,0x22,0x3e,0xa,0x20,0x20,0x20,0x20,0x20,0x20,0x20,0x20,0x3c,0x21,0x2d,0x2d,
  0x20,0x25,0x25,0x49,0x4e,0x53,0x45,0x52,0x54,0x5f,0x4c,0x4f,0x43,0x41,0x4c,0x5f,
  0x4c,0x49,0x42,0x53,0x25,0x25,0x20,0x2d,0x2d,0x3e,0xa,0x20,0x20,0x20,0x20,0x3c,
  0x2f,0x61,0x72,0x72,0x61,0x79,0x3e,0xa,0xa,0x20,0x20,0x20,0x20,0x3c,0x73,0x74,
  0x72,0x69,0x6e,0x67,0x20,0x6e,0x61,0x6d,0x65,0x3d,0x22,0x75,0x73,0x65,0x5f,0x6c,
  0x6f,0x63,0x61,0x6c,0x5f,0x71,0x74,0x5f,0x6c,0x69,0x62,0x73,0x22,0x3e,0x3c,0x21,
  0x2d,0x2d,0x20,0x25,0x25,0x55,0x53,0x45,0x5f,0x4c,0x4f,0x43,0x41,0x4c,0x5f,0x51,
  0x54,0x5f,0x4c,0x49,0x42,0x53,0x25,0x25,0x20,0x2d,0x2d,0x3e,0x3c,0x2f,0x73,0x74,
  0x72,0x69,0x6e,0x67,0x3e,0xa,0x20,0x20,0x20,0x20,0x3c,0x73,0x74,0x72,0x69,0x6e,
  0x67,0x20,0x6e,0x61,0x6d,0x65,0x3d,0x22,0x62,0x75,0x6e,0x64,0x6c,0x65,0x5f,0x6c,
  0x6f,0x63,0x61,0x6c,0x5f,0x71,0x74,0x5f,0x6c,0x69,0x62,0x73,0x22,0x3e,0x3c,0x21,
  0x2d,0x2d,0x20,0x25,0x25,0x42,0x55,0x4e,0x44,0x4c,0x45,0x5f,0x4c,0x4f,0x43,0x41,
  0x4c,0x5f,0x51,0x54,0x5f,0x4c,0x49,0x42,0x53,0x25,0x25,0x20,0x2d,0x2d,0x3e,0x3c,
  0x2f,0x73,0x74,0x72,0x69,0x6e,0x67,0x3e,0xa,0x20,0x20,0x20,0x20,0x3c,0x73,0x74,
  0x72,0x69,0x6e,0x67,0x20,0x6e,0x61,0x6d,0x65,0x3d,0x22,0x73,0x79,0x73,0x74,0x65,
  0x6d,0x5f,0x6c,0x69,0x62,0x73,0x5f,0x70,0x72,0x65,0x66,0x69,0x78,0x22,0x3e,0x3c,
  0x21,0x2d,0x2d,0x20,0x25,0x25,0x53,0x59,0x53,0x54,0x45,0x4d,0x5f,0x4c,0x49,0x42,
  0x53,0x5f,0x50,0x52,0x45,0x46,0x49,0x58,0x25,0x25,0x20,0x2d,0x2d,0x3e,0x3c,0x2f,
  0x73,0x74,0x72,0x69,0x6e,0x67,0x3e,0xa,0x3c,0x2f,0x72,0x65,0x73,0x6f,0x75,0x72,
  0x63,0x65,0x73,0x3e,0xa,
  
};

static const unsigned char qt_resource_name[] = {
  // qt
  0x0,0x2,
  0x0,0x0,0x7,0x84,
  0x0,0x71,
  0x0,0x74,
    // qml
  0x0,0x3,
  0x0,0x0,0x78,0x3c,
  0x0,0x71,
  0x0,0x6d,0x0,0x6c,
    // PROJET
  0x0,0x6,
  0x5,0x57,0x3e,0xa4,
  0x0,0x50,
  0x0,0x52,0x0,0x4f,0x0,0x4a,0x0,0x45,0x0,0x54,
    // Main.qml
  0x0,0x8,
  0x8,0x1,0x5e,0x5c,
  0x0,0x4d,
  0x0,0x61,0x0,0x69,0x0,0x6e,0x0,0x2e,0x0,0x71,0x0,0x6d,0x0,0x6c,
    // VehiculesPage.qml
  0x0,0x11,
  0x3,0xa3,0x3f,0x1c,
  0x0,0x56,
  0x0,0x65,0x0,0x68,0x0,0x69,0x0,0x63,0x0,0x75,0x0,0x6c,0x0,0x65,0x0,0x73,0x0,0x50,0x0,0x61,0x0,0x67,0x0,0x65,0x0,0x2e,0x0,0x71,0x0,0x6d,0x0,0x6c,
  
    // AppButton.qml
  0x0,0xd,
  0xb,0xc8,0x70,0x7c,
  0x0,0x41,
  0x0,0x70,0x0,0x70,0x0,0x42,0x0,0x75,0x0,0x74,0x0,0x74,0x0,0x6f,0x0,0x6e,0x0,0x2e,0x0,0x71,0x0,0x6d,0x0,0x6c,
    // AppTextField.qml
  0x0,0x10,
  0x1,0xaa,0x54,0x9c,
  0x0,0x41,
  0x0,0x70,0x0,0x70,0x0,0x54,0x0,0x65,0x0,0x78,0x0,0x74,0x0,0x46,0x0,0x69,0x0,0x65,0x0,0x6c,0x0,0x64,0x0,0x2e,0x0,0x71,0x0,0x6d,0x0,0x6c,
    // StatusPage.qml
  0x0,0xe,
  0x2,0xc3,0xd2,0x5c,
  0x0,0x53,
  0x0,0x74,0x0,0x61,0x0,0x74,0x0,0x75,0x0,0x73,0x0,0x50,0x0,0x61,0x0,0x67,0x0,0x65,0x0,0x2e,0x0,0x71,0x0,0x6d,0x0,0x6c,
    // android
  0x0,0x7,
  0x8,0x4b,0x95,0x34,
  0x0,0x61,
  0x0,0x6e,0x0,0x64,0x0,0x72,0x0,0x6f,0x0,0x69,0x0,0x64,
    // js
  0x0,0x2,
  0x0,0x0,0x7,0x13,
  0x0,0x6a,
  0x0,0x73,
    // SessionsPage.qml
  0x0,0x10,
  0x3,0xf6,0x96,0x5c,
  0x0,0x53,
  0x0,0x65,0x0,0x73,0x0,0x73,0x0,0x69,0x0,0x6f,0x0,0x6e,0x0,0x73,0x0,0x50,0x0,0x61,0x0,0x67,0x0,0x65,0x0,0x2e,0x0,0x71,0x0,0x6d,0x0,0x6c,
    // BootPage.qml
  0x0,0xc,
  0xe,0xfc,0x86,0xfc,
  0x0,0x42,
  0x0,0x6f,0x0,0x6f,0x0,0x74,0x0,0x50,0x0,0x61,0x0,0x67,0x0,0x65,0x0,0x2e,0x0,0x71,0x0,0x6d,0x0,0x6c,
    // DashboardPage.qml
  0x0,0x11,
  0x4,0x4f,0x65,0x5c,
  0x0,0x44,
  0x0,0x61,0x0,0x73,0x0,0x68,0x0,0x62,0x0,0x6f,0x0,0x61,0x0,0x72,0x0,0x64,0x0,0x50,0x0,0x61,0x0,0x67,0x0,0x65,0x0,0x2e,0x0,0x71,0x0,0x6d,0x0,0x6c,
  
    // AppCard.qml
  0x0,0xb,
  0x8,0x17,0xc1,0x1c,
  0x0,0x41,
  0x0,0x70,0x0,0x70,0x0,0x43,0x0,0x61,0x0,0x72,0x0,0x64,0x0,0x2e,0x0,0x71,0x0,0x6d,0x0,0x6c,
    // KmPage.qml
  0x0,0xa,
  0x7,0xde,0x14,0xfc,
  0x0,0x4b,
  0x0,0x6d,0x0,0x50,0x0,0x61,0x0,0x67,0x0,0x65,0x0,0x2e,0x0,0x71,0x0,0x6d,0x0,0x6c,
    // SessionPage.js
  0x0,0xe,
  0xf,0x29,0x67,0x13,
  0x0,0x53,
  0x0,0x65,0x0,0x73,0x0,0x73,0x0,0x69,0x0,0x6f,0x0,0x6e,0x0,0x50,0x0,0x61,0x0,0x67,0x0,0x65,0x0,0x2e,0x0,0x6a,0x0,0x73,
    // BootPage.js
  0x0,0xb,
  0x6,0xef,0xc8,0x33,
  0x0,0x42,
  0x0,0x6f,0x0,0x6f,0x0,0x74,0x0,0x50,0x0,0x61,0x0,0x67,0x0,0x65,0x0,0x2e,0x0,0x6a,0x0,0x73,
    // StatusPage.js
  0x0,0xd,
  0x3,0x2c,0x3d,0x73,
  0x0,0x53,
  0x0,0x74,0x0,0x61,0x0,0x74,0x0,0x75,0x0,0x73,0x0,0x50,0x0,0x61,0x0,0x67,0x0,0x65,0x0,0x2e,0x0,0x6a,0x0,0x73,
    // KmPage.js
  0x0,0x9,
  0x6,0x7d,0xe1,0x53,
  0x0,0x4b,
  0x0,0x6d,0x0,0x50,0x0,0x61,0x0,0x67,0x0,0x65,0x0,0x2e,0x0,0x6a,0x0,0x73,
    // Main.js
  0x0,0x7,
  0x3,0x80,0x15,0xb3,
  0x0,0x4d,
  0x0,0x61,0x0,0x69,0x0,0x6e,0x0,0x2e,0x0,0x6a,0x0,0x73,
    // res
  0x0,0x3,
  0x0,0x0,0x78,0xc3,
  0x0,0x72,
  0x0,0x65,0x0,0x73,
    // AndroidManifest.xml
  0x0,0x13,
  0xf,0xe1,0x95,0x1c,
  0x0,0x41,
  0x0,0x6e,0x0,0x64,0x0,0x72,0x0,0x6f,0x0,0x69,0x0,0x64,0x0,0x4d,0x0,0x61,0x0,0x6e,0x0,0x69,0x0,0x66,0x0,0x65,0x0,0x73,0x0,0x74,0x0,0x2e,0x0,0x78,
  0x0,0x6d,0x0,0x6c,
    // build.gradle
  0x0,0xc,
  0x9,0xd0,0x7f,0xc5,
  0x0,0x62,
  0x0,0x75,0x0,0x69,0x0,0x6c,0x0,0x64,0x0,0x2e,0x0,0x67,0x0,0x72,0x0,0x61,0x0,0x64,0x0,0x6c,0x0,0x65,
    // values
  0x0,0x6,
  0x7,0xc8,0x3b,0xc3,
  0x0,0x76,
  0x0,0x61,0x0,0x6c,0x0,0x75,0x0,0x65,0x0,0x73,
    // xml
  0x0,0x3,
  0x0,0x0,0x7f,0x3c,
  0x0,0x78,
  0x0,0x6d,0x0,0x6c,
    // qtprovider_paths.xml
  0x0,0x14,
  0x2,0x9b,0x1d,0x9c,
  0x0,0x71,
  0x0,0x74,0x0,0x70,0x0,0x72,0x0,0x6f,0x0,0x76,0x0,0x69,0x0,0x64,0x0,0x65,0x0,0x72,0x0,0x5f,0x0,0x70,0x0,0x61,0x0,0x74,0x0,0x68,0x0,0x73,0x0,0x2e,
  0x0,0x78,0x0,0x6d,0x0,0x6c,
    // libs.xml
  0x0,0x8,
  0xf,0x96,0x51,0x7c,
  0x0,0x6c,
  0x0,0x69,0x0,0x62,0x0,0x73,0x0,0x2e,0x0,0x78,0x0,0x6d,0x0,0x6c,
  
};

static const unsigned char qt_resource_struct[] = {
  // :
  0x0,0x0,0x0,0x0,0x0,0x2,0x0,0x0,0x0,0x1,0x0,0x0,0x0,0x1,
0x0,0x0,0x0,0x0,0x0,0x0,0x0,0x0,
  // :/qt
  0x0,0x0,0x0,0x0,0x0,0x2,0x0,0x0,0x0,0x1,0x0,0x0,0x0,0x2,
0x0,0x0,0x0,0x0,0x0,0x0,0x0,0x0,
  // :/qt/qml
  0x0,0x0,0x0,0xa,0x0,0x2,0x0,0x0,0x0,0x1,0x0,0x0,0x0,0x3,
0x0,0x0,0x0,0x0,0x0,0x0,0x0,0x0,
  // :/qt/qml/PROJET
  0x0,0x0,0x0,0x16,0x0,0x2,0x0,0x0,0x0,0xc,0x0,0x0,0x0,0x4,
0x0,0x0,0x0,0x0,0x0,0x0,0x0,0x0,
  // :/qt/qml/PROJET/js
  0x0,0x0,0x0,0xe2,0x0,0x2,0x0,0x0,0x0,0x5,0x0,0x0,0x0,0x17,
0x0,0x0,0x0,0x0,0x0,0x0,0x0,0x0,
  // :/qt/qml/PROJET/AppTextField.qml
  0x0,0x0,0x0,0x86,0x0,0x0,0x0,0x0,0x0,0x1,0x0,0x0,0x14,0xb,
0x0,0x0,0x1,0x9d,0xf2,0x34,0x84,0xb7,
  // :/qt/qml/PROJET/StatusPage.qml
  0x0,0x0,0x0,0xac,0x0,0x1,0x0,0x0,0x0,0x1,0x0,0x0,0x16,0x84,
0x0,0x0,0x1,0x9d,0xf2,0x34,0x4a,0x97,
  // :/qt/qml/PROJET/VehiculesPage.qml
  0x0,0x0,0x0,0x3e,0x0,0x1,0x0,0x0,0x0,0x1,0x0,0x0,0x9,0x89,
0x0,0x0,0x1,0x9d,0x77,0x68,0x3d,0x4,
  // :/qt/qml/PROJET/SessionsPage.qml
  0x0,0x0,0x0,0xec,0x0,0x1,0x0,0x0,0x0,0x1,0x0,0x0,0x1d,0x32,
0x0,0x0,0x1,0x9d,0xf2,0xee,0x43,0xcc,
  // :/qt/qml/PROJET/DashboardPage.qml
  0x0,0x0,0x1,0x30,0x0,0x0,0x0,0x0,0x0,0x1,0x0,0x0,0x2f,0x3c,
0x0,0x0,0x1,0x9d,0xf2,0x34,0x77,0x47,
  // :/qt/qml/PROJET/KmPage.qml
  0x0,0x0,0x1,0x74,0x0,0x1,0x0,0x0,0x0,0x1,0x0,0x0,0x3b,0xa6,
0x0,0x0,0x1,0x9d,0xf1,0xfc,0x90,0x7c,
  // :/qt/qml/PROJET/Main.qml
  0x0,0x0,0x0,0x28,0x0,0x1,0x0,0x0,0x0,0x1,0x0,0x0,0x0,0x0,
0x0,0x0,0x1,0x9d,0xf2,0x34,0x65,0xeb,
  // :/qt/qml/PROJET/AppCard.qml
  0x0,0x0,0x1,0x58,0x0,0x1,0x0,0x0,0x0,0x1,0x0,0x0,0x39,0x11,
0x0,0x0,0x1,0x9d,0xf2,0x34,0x88,0x77,
  // :/qt/qml/PROJET/android
  0x0,0x0,0x0,0xce,0x0,0x2,0x0,0x0,0x0,0x3,0x0,0x0,0x0,0x10,
0x0,0x0,0x0,0x0,0x0,0x0,0x0,0x0,
  // :/qt/qml/PROJET/AppButton.qml
  0x0,0x0,0x0,0x66,0x0,0x0,0x0,0x0,0x0,0x1,0x0,0x0,0xe,0x98,
0x0,0x0,0x1,0x9d,0xf2,0x34,0x8b,0x87,
  // :/qt/qml/PROJET/BootPage.qml
  0x0,0x0,0x1,0x12,0x0,0x1,0x0,0x0,0x0,0x1,0x0,0x0,0x28,0xfe,
0x0,0x0,0x1,0x9d,0xf1,0xe9,0xaf,0xc8,
  // :/qt/qml/PROJET/android/res
  0x0,0x0,0x2,0x18,0x0,0x2,0x0,0x0,0x0,0x2,0x0,0x0,0x0,0x13,
0x0,0x0,0x0,0x0,0x0,0x0,0x0,0x0,
  // :/qt/qml/PROJET/android/build.gradle
  0x0,0x0,0x2,0x50,0x0,0x0,0x0,0x0,0x0,0x1,0x0,0x0,0x6b,0x3,
0x0,0x0,0x1,0x9d,0x6,0x94,0x45,0x96,
  // :/qt/qml/PROJET/android/AndroidManifest.xml
  0x0,0x0,0x2,0x24,0x0,0x0,0x0,0x0,0x0,0x1,0x0,0x0,0x62,0xd6,
0x0,0x0,0x1,0x9d,0x52,0xaa,0x17,0xb8,
  // :/qt/qml/PROJET/android/res/xml
  0x0,0x0,0x2,0x80,0x0,0x2,0x0,0x0,0x0,0x1,0x0,0x0,0x0,0x16,
0x0,0x0,0x0,0x0,0x0,0x0,0x0,0x0,
  // :/qt/qml/PROJET/android/res/values
  0x0,0x0,0x2,0x6e,0x0,0x2,0x0,0x0,0x0,0x1,0x0,0x0,0x0,0x15,
0x0,0x0,0x0,0x0,0x0,0x0,0x0,0x0,
  // :/qt/qml/PROJET/android/res/values/libs.xml
  0x0,0x0,0x2,0xba,0x0,0x0,0x0,0x0,0x0,0x1,0x0,0x0,0x75,0xda,
0x0,0x0,0x1,0x9d,0x6,0x94,0x45,0x9a,
  // :/qt/qml/PROJET/android/res/xml/qtprovider_paths.xml
  0x0,0x0,0x2,0x8c,0x0,0x0,0x0,0x0,0x0,0x1,0x0,0x0,0x73,0xe3,
0x0,0x0,0x1,0x9d,0x6,0x94,0x45,0xa2,
  // :/qt/qml/PROJET/js/StatusPage.js
  0x0,0x0,0x1,0xcc,0x0,0x0,0x0,0x0,0x0,0x1,0x0,0x0,0x4a,0x4f,
0x0,0x0,0x1,0x9d,0xf2,0xee,0x43,0xa8,
  // :/qt/qml/PROJET/js/Main.js
  0x0,0x0,0x2,0x4,0x0,0x0,0x0,0x0,0x0,0x1,0x0,0x0,0x5b,0x9e,
0x0,0x0,0x1,0x9d,0xf2,0xee,0x43,0xc4,
  // :/qt/qml/PROJET/js/KmPage.js
  0x0,0x0,0x1,0xec,0x0,0x0,0x0,0x0,0x0,0x1,0x0,0x0,0x57,0x47,
0x0,0x0,0x1,0x9d,0xf2,0xee,0x43,0x8c,
  // :/qt/qml/PROJET/js/BootPage.js
  0x0,0x0,0x1,0xb0,0x0,0x1,0x0,0x0,0x0,0x1,0x0,0x0,0x48,0xd,
0x0,0x0,0x1,0x9d,0xf2,0xee,0x43,0x94,
  // :/qt/qml/PROJET/js/SessionPage.js
  0x0,0x0,0x1,0x8e,0x0,0x0,0x0,0x0,0x0,0x1,0x0,0x0,0x3f,0xa5,
0x0,0x0,0x1,0x9d,0xf2,0xee,0x43,0x9c,

};

#ifdef QT_NAMESPACE
#  define QT_RCC_PREPEND_NAMESPACE(name) ::QT_NAMESPACE::name
#  define QT_RCC_MANGLE_NAMESPACE0(x) x
#  define QT_RCC_MANGLE_NAMESPACE1(a, b) a##_##b
#  define QT_RCC_MANGLE_NAMESPACE2(a, b) QT_RCC_MANGLE_NAMESPACE1(a,b)
#  define QT_RCC_MANGLE_NAMESPACE(name) QT_RCC_MANGLE_NAMESPACE2( \
        QT_RCC_MANGLE_NAMESPACE0(name), QT_RCC_MANGLE_NAMESPACE0(QT_NAMESPACE))
#else
#   define QT_RCC_PREPEND_NAMESPACE(name) name
#   define QT_RCC_MANGLE_NAMESPACE(name) name
#endif

#if defined(QT_INLINE_NAMESPACE)
inline namespace QT_NAMESPACE {
#elif defined(QT_NAMESPACE)
namespace QT_NAMESPACE {
#endif

bool qRegisterResourceData(int, const unsigned char *, const unsigned char *, const unsigned char *);
bool qUnregisterResourceData(int, const unsigned char *, const unsigned char *, const unsigned char *);

#if defined(__ELF__) || defined(__APPLE__)
static inline unsigned char qResourceFeatureZlib()
{
    extern const unsigned char qt_resourceFeatureZlib;
    return qt_resourceFeatureZlib;
}
#else
unsigned char qResourceFeatureZlib();
#endif

#ifdef QT_NAMESPACE
}
#endif

int QT_RCC_MANGLE_NAMESPACE(qInitResources_appPROJET_raw_qml_0)();
int QT_RCC_MANGLE_NAMESPACE(qInitResources_appPROJET_raw_qml_0)()
{
    int version = 3;
    QT_RCC_PREPEND_NAMESPACE(qRegisterResourceData)
        (version, qt_resource_struct, qt_resource_name, qt_resource_data);
    return 1;
}

int QT_RCC_MANGLE_NAMESPACE(qCleanupResources_appPROJET_raw_qml_0)();
int QT_RCC_MANGLE_NAMESPACE(qCleanupResources_appPROJET_raw_qml_0)()
{
    int version = 3;
    version += QT_RCC_PREPEND_NAMESPACE(qResourceFeatureZlib());
    QT_RCC_PREPEND_NAMESPACE(qUnregisterResourceData)
       (version, qt_resource_struct, qt_resource_name, qt_resource_data);
    return 1;
}

#ifdef __clang__
#   pragma clang diagnostic push
#   pragma clang diagnostic ignored "-Wexit-time-destructors"
#endif

namespace {
   struct initializer {
       initializer() { QT_RCC_MANGLE_NAMESPACE(qInitResources_appPROJET_raw_qml_0)(); }
       ~initializer() { QT_RCC_MANGLE_NAMESPACE(qCleanupResources_appPROJET_raw_qml_0)(); }
   } dummy;
}

#ifdef __clang__
#   pragma clang diagnostic pop
#endif
